date,nav,daily_return_pct,7d_moving_avg,30d_moving_avg
2013-11-18,13.0894,,,
2013-11-19,13.1068,0.1329319907711568,,
2013-11-20,12.9549,-1.1589403973509937,,
2013-11-21,12.7957,-1.228878648233489,,
2013-11-22,12.7775,-0.14223528216510406,,
2013-11-25,12.8548,0.6049696732537635,,
2013-11-26,12.8591,0.03345053987615643,12.919742857142856,
2013-11-27,12.8389,-0.15708719894860224,12.883957142857144,
2013-11-28,12.8773,0.29909104362522143,12.851171428571428,
2013-11-29,12.9509,0.5715483835897261,12.8506,
2013-12-02,13.0012,0.38838999606205515,12.879957142857142,
2013-12-03,13.0048,0.02768975171520971,12.912428571428572,
2013-12-04,12.9799,-0.19146776574802127,12.9303,
2013-12-05,13.0319,0.40061941925593203,12.954985714285714,
2013-12-06,13.0439,0.09208173788932683,12.984271428571429,
2013-12-09,13.0282,-0.12036277493694403,13.005828571428571,
2013-12-10,13.0325,0.03300532690624358,13.017485714285714,
2013-12-11,13.0129,-0.15039324765010464,13.019157142857143,
2013-12-12,13.0021,-0.08299456692973939,13.018771428571428,
2013-12-13,12.9891,-0.09998384876289679,13.020085714285715,
2013-12-16,13.0345,0.3495238315202709,13.020457142857142,
2013-12-17,12.9569,-0.5953431278530097,13.008028571428571,
2013-12-18,13.0672,0.8512838719138216,13.0136,
2013-12-19,13.1392,0.5509979184523228,13.028842857142859,
2013-12-20,13.1776,0.2922552362396358,13.05237142857143,
2013-12-23,13.1886,0.08347498785816754,13.079014285714285,
2013-12-24,13.2683,0.6043097826911259,13.118899999999998,
2013-12-26,13.4811,1.6038226449507365,13.182699999999999,
2013-12-27,13.5024,0.1579989763446532,13.26062857142857,
2013-12-30,13.5862,0.6206304064462653,13.334771428571429,13.05446
2013-12-31,13.7277,1.0414979906081312,13.418842857142858,13.075736666666666
2014-01-01,13.7418,0.1027120347909527,13.499442857142856,13.096903333333334
2014-01-02,13.7553,0.09824040518708888,13.5804,13.123583333333334
2014-01-03,13.8494,0.6840999469295506,13.663414285714286,13.158706666666667
2014-01-06,13.8568,0.053431917628210535,13.717085714285716,13.194683333333332
2014-01-07,13.9214,0.46619710178397167,13.776942857142856,13.230236666666666
2014-01-08,14.0081,0.6227821914462695,13.837214285714284,13.268536666666668
2014-01-09,13.8644,-1.025835052576729,13.856742857142857,13.302719999999999
2014-01-10,13.8143,-0.3613571449179176,13.867099999999999,13.333953333333334
2014-01-13,13.7909,-0.16938969039328455,13.872185714285715,13.361953333333334
2014-01-14,13.8249,0.24653938466669967,13.868685714285714,13.38941
2014-01-15,14.0209,1.417731773828379,13.892128571428572,13.423280000000002
2014-01-16,14.0042,-0.11910790320164288,13.903957142857143,13.457423333333333
2014-01-17,13.7841,-1.5716713557361373,13.871957142857143,13.482496666666666
2014-01-20,13.8144,0.21981848651706493,13.864814285714287,13.508180000000001
2014-01-21,13.8659,0.3727993977299171,13.872185714285715,13.536103333333333
2014-01-22,13.9302,0.4637275618603942,13.892085714285715,13.566026666666666
2014-01-23,13.9537,0.1686982240025392,13.910485714285715,13.597386666666665
2014-01-24,13.8688,-0.608440771981622,13.888757142857141,13.626276666666666
2014-01-27,13.6829,-1.340418781725894,13.842857142857142,13.649403333333334
2014-01-28,13.5678,-0.8411959453039963,13.811957142857143,13.66718
2014-01-29,13.4977,-0.5166644555491651,13.766714285714285,13.685206666666666
2014-01-30,13.4661,-0.23411396015616814,13.709599999999998,13.698503333333333
2014-01-31,13.6059,1.0381624969367564,13.663271428571429,13.71406
2014-02-03,13.4995,-0.7820136852395021,13.598385714285714,13.724790000000002
2014-02-04,13.4717,-0.20593355309455053,13.541657142857142,13.734226666666668
2014-02-05,13.5431,0.5299999257703192,13.521685714285715,13.743386666666668
2014-02-06,13.5883,0.3337492893059846,13.524614285714287,13.74696
2014-02-07,13.5552,-0.24359191363159116,13.532828571428572,13.74872
2014-02-10,13.7402,1.3647898961284266,13.571985714285713,13.753853333333332
2014-02-11,13.6983,-0.30494461507110104,13.585185714285714,13.752873333333334
2014-02-12,13.6874,-0.0795719176832077,13.61202857142857,13.75106
2014-02-13,13.678,-0.06867630083141618,13.641500000000002,13.748483333333333
2014-02-14,13.5948,-0.6082760637520224,13.648885714285713,13.739996666666665
2014-02-17,13.6423,0.34939829934976796,13.656600000000001,13.732846666666667
2014-02-18,13.6801,0.2770793781107228,13.674442857142855,13.724803333333334
2014-02-19,13.801,0.883765469550668,13.683128571428572,13.717899999999998
2014-02-20,13.8913,0.6543004130135532,13.710700000000001,13.718796666666666
2014-02-21,14.037,1.048857918265389,13.760642857142857,13.726220000000001
2014-02-24,14.1905,1.0935385053786328,13.833857142857141,13.73954
2014-02-25,14.2704,0.5630527465557922,13.93037142857143,13.75439
2014-02-26,14.1733,-0.680429420338613,14.00622857142857,13.759469999999999
2014-02-28,14.2102,0.260348683792766,14.081957142857144,13.766336666666666
2014-03-03,14.2753,0.458121630941144,14.149714285714285,13.78271
2014-03-04,14.4166,0.9898215799317711,14.224757142857143,13.802783333333334
2014-03-05,14.5448,0.8892526670643441,14.297300000000002,13.825413333333334
2014-03-06,14.6678,0.8456630548374644,14.365485714285715,13.85
2014-03-07,14.5275,-0.9565169964139142,14.402214285714285,13.869126666666666
2014-03-10,14.5576,0.2071932541731325,14.457114285714285,13.892086666666668
2014-03-11,14.6449,0.5996867615540857,14.519214285714286,13.924153333333331
2014-03-12,14.7175,0.4957357168707155,14.582385714285715,13.962476666666667
2014-03-13,14.7121,-0.036691014098866326,14.6246,14.002956666666668
2014-03-14,14.6527,-0.40374929479816135,14.640014285714285,14.04251
2014-03-18,14.7961,0.9786592232148283,14.658342857142857,14.082183333333331
2014-03-19,14.7118,-0.5697447300302083,14.684671428571429,14.122593333333333
2014-03-20,14.8045,0.6301064451664784,14.719942857142858,14.167019999999999
2014-03-21,14.9389,0.9078320780843585,14.761942857142856,14.213546666666668
2014-03-24,14.9833,0.29721063799876823,14.799914285714284,14.260046666666666
2014-03-25,15.017,0.22491707434275643,14.84347142857143,14.308773333333333
2014-03-26,15.0172,0.0013318239328929948,14.895542857142857,14.35134
2014-03-27,15.016,-0.00799083717337723,14.926957142857143,14.395263333333334
2014-03-28,15.1698,1.0242408098028788,14.992385714285714,14.444676666666664
2014-03-31,15.2761,0.70073435378184,15.05975714285714,14.497946666666667
2014-04-01,15.3236,0.310943238130168,15.114714285714287,14.555573333333335
2014-04-02,15.5261,1.3214910334386154,15.192257142857144,14.618366666666667
2014-04-03,15.5016,-0.15779880330539786,15.261485714285714,14.679083333333333
2014-04-04,15.6554,0.9921556484491889,15.352657142857142,14.740896666666666
2014-04-07,15.7238,0.4369099480051597,15.453771428571429,14.801980000000002
2014-04-09,15.7721,0.30717765425660737,15.539814285714284,14.859816666666665
2014-04-10,15.7832,0.07037743864166668,15.612257142857144,14.912906666666666
2014-04-11,15.8805,0.6164782807035252,15.691814285714285,14.966576666666667
2014-04-15,15.959,0.49431692956771744,15.753657142857142,15.026100000000001
2014-04-16,15.8341,-0.7826304906322412,15.801157142857141,15.08023
2014-04-17,15.9681,0.8462748119564711,15.845828571428571,15.136656666666665
2014-04-21,16.061,0.5817849337115932,15.894000000000002,15.19147
2014-04-22,16.1917,0.813772492372844,15.95394285714286,15.246366666666665
2014-04-23,16.2362,0.2748321670979603,16.018657142857144,15.298646666666665
2014-04-25,16.2714,0.216799497419351,16.0745,15.356776666666667
2014-04-28,16.3857,0.7024595302186576,16.135457142857142,15.417713333333332
2014-04-29,16.4239,0.2331301073497105,16.219714285714286,15.477013333333334
2014-04-30,16.194,-1.399789331401191,16.251985714285716,15.52623
2014-05-02,16.1784,-0.09633197480547473,16.268757142857144,15.575106666666667
2014-05-05,16.1466,-0.19655837412847488,16.262314285714286,15.624903333333332
2014-05-06,16.2026,0.3468222412148725,16.257514285714286,15.671786666666668
2014-05-07,16.2031,0.0030859244812386777,16.247757142857143,15.721496666666667
2014-05-08,16.2601,0.35178453505813057,16.229814285714287,15.770016666666667
2014-05-09,16.2665,0.03936015153658268,16.207328571428572,15.814269999999999
2014-05-12,16.236,-0.18750192112624298,16.213328571428573,15.856026666666667
2014-05-13,16.318,0.5050505050505194,16.23327142857143,15.899393333333334
2014-05-14,16.3868,0.42162029660497424,16.267585714285715,15.945046666666666
2014-05-15,16.2742,-0.6871384284912296,16.27781428571429,15.986986666666667
2014-05-16,16.3354,0.3760553514151166,16.296714285714284,16.025840000000002
2014-05-19,16.6375,1.849357836355403,16.350628571428572,16.07122
2014-05-20,17.0756,2.6332081141998698,16.466214285714287,16.12962
2014-05-21,17.3618,1.6760758040712975,16.627042857142857,16.19081
2014-05-22,17.6336,1.5655058807266586,16.814985714285715,16.26187666666667
2014-05-23,17.5799,-0.3045322566010533,16.98542857142857,16.326026666666667
2014-05-26,17.2722,-1.7502943702751295,17.127999999999997,16.37764
2014-05-27,17.4244,0.8811847940621176,17.283571428571427,16.432716666666668
2014-05-28,17.7014,1.589724753793531,17.435557142857142,16.496656666666667
2014-05-29,17.6411,-0.3406510219530534,17.516342857142856,16.555343333333333
2014-05-30,17.5999,-0.23354552720635802,17.550357142857145,16.61004
2014-06-02,17.7284,0.7301177847601314,17.5639,16.673183333333334
2014-06-03,17.7281,-0.0016922000857344521,17.585071428571432,16.73185
2014-06-04,18.0406,1.7627382517021006,17.69484285714286,16.797836666666665
2014-06-05,18.2638,1.2372094054521332,17.814757142857143,16.86690666666667
2014-06-06,18.5395,1.5095434685005404,17.934485714285714,16.943683333333333
2014-06-09,18.8095,1.4563499555004134,18.1014,17.028286666666666
2014-06-10,18.9611,0.8059757037667037,18.29585714285714,17.11413333333333
2014-06-11,18.7536,-1.0943457921745003,18.442314285714286,17.19179
2014-06-12,18.9265,0.9219563177203405,18.613514285714285,17.282873333333335
2014-06-13,18.7545,-0.9087786965366051,18.7155,17.36874333333333
2014-06-16,18.7174,-0.19781919006104376,18.7803,17.454436666666666
2014-06-17,19.0015,1.5178390161026512,18.846300000000003,17.547733333333333
2014-06-18,19.2167,1.1325421677236047,18.90447142857143,17.648186666666668
2014-06-19,19.1541,-0.325758324790415,18.932042857142857,17.744653333333336
2014-06-20,19.1702,0.08405511091620355,18.991557142857143,17.841443333333334
2014-06-23,19.1147,-0.28951184651178075,19.018442857142855,17.9374
2014-06-24,19.1991,0.4415449889352274,19.081957142857142,18.033436666666667
2014-06-25,19.3056,0.554713502195403,19.165985714285714,18.130729999999996
2014-06-26,19.5189,1.1048607657881737,19.239900000000002,18.238886666666666
2014-06-27,19.669,0.7689982529753392,19.304514285714284,18.350006666666665
2014-06-30,20.0705,2.04128323758197,19.43542857142857,18.464440000000003
2014-07-01,20.2237,0.7633093345955633,19.58592857142857,18.569376666666667
2014-07-02,20.3994,0.8687826658821063,19.769457142857142,18.670630000000003
2014-07-03,20.539,0.6843338529564758,19.96087142857143,18.767476666666667
2014-07-04,20.7887,1.2157359170358761,20.172742857142858,18.874436666666664
2014-07-07,20.9874,0.9558077224646189,20.38252857142857,18.998276666666666
2014-07-08,20.4515,-2.5534368239991667,20.494314285714285,19.099179999999997
2014-07-09,20.1567,-1.4414590616825151,20.50662857142857,19.181023333333332
2014-07-10,20.1881,0.15577946786924368,20.501542857142855,19.265923333333333
2014-07-11,19.8392,-1.7282458478014129,20.421514285714288,19.340566666666668
2014-07-14,19.7798,-0.299407234162663,20.31305714285714,19.40894666666667
2014-07-15,19.9854,1.0394442815397475,20.1983,19.484189999999998
2014-07-16,20.4248,2.1986049816365982,20.11792857142857,19.563663333333334
2014-07-17,20.8995,2.324135364850566,20.181928571428575,19.651519999999998
2014-07-18,20.8316,-0.3248881552190164,20.278342857142857,19.727923333333333
2014-07-21,21.28,2.15249908792412,20.434328571428573,19.810273333333335
2014-07-22,21.363,0.39003759398494875,20.652014285714284,19.890336666666666
2014-07-23,21.24,-0.5757618312034918,20.860614285714288,19.973216666666666
2014-07-24,21.3216,0.3841807909604533,21.0515,20.05305333333333
2014-07-25,21.1489,-0.8099767372054534,21.154942857142856,20.132866666666665
2014-07-28,21.1246,-0.11489959288663032,21.187099999999997,20.213106666666665
2014-07-30,21.0491,-0.3574032171023478,21.218171428571427,20.281360000000003
2014-07-31,21.0652,0.07648783083362698,21.187485714285714,20.34297666666667
2014-08-01,20.8274,-1.1288760609915904,21.110971428571425,20.398753333333335
2014-08-04,21.1423,1.5119506035318864,21.097014285714287,20.46449
2014-08-05,21.1792,0.17453162617124818,21.076671428571427,20.533306666666665
2014-08-06,21.2068,0.13031653697967993,21.08494285714286,20.60023
2014-08-07,21.1366,-0.33102589735367616,21.086657142857145,20.661263333333338
2014-08-08,20.9051,-1.0952565691738525,21.066085714285716,20.70747
2014-08-11,21.0294,0.5945917503384246,21.06097142857143,20.752816666666668
2014-08-12,20.9523,-0.366629575736821,21.078814285714287,20.782210000000003
2014-08-13,20.4227,-2.5276461295418717,20.976014285714285,20.788843333333332
2014-08-14,20.6268,0.9993781429487703,20.8971,20.796423333333333
2014-08-18,20.9437,1.536350766963368,20.859514285714287,20.809913333333334
2014-08-19,21.1964,1.206568084913373,20.868057142857143,20.823503333333335
2014-08-20,21.5099,1.4790247400501944,20.95445714285714,20.840919999999997
2014-08-21,21.8125,1.4067940808651036,21.066328571428574,20.886286666666667
2014-08-22,21.898,0.391977077363892,21.201428571428572,20.94433
2014-08-25,21.7299,-0.7676500136998721,21.38817142857143,20.995723333333334
2014-08-26,21.6681,-0.28440075656124275,21.53692857142857,21.056686666666668
2014-08-27,22.0752,1.8787987871571543,21.698571428571427,21.1332
2014-08-28,22.1709,0.4335181561208934,21.83778571428571,21.20605
2014-09-01,22.5292,1.6160823421692339,21.983399999999996,21.27619666666667
2014-09-02,22.6476,0.5255401878451194,22.1027,21.334466666666668
2014-09-03,22.842,0.8583690987124415,22.23755714285714,21.40148
2014-09-04,22.8661,0.1055073986516053,22.39987142857143,21.454349999999998
2014-09-05,22.9624,0.42114746283798965,22.58477142857143,21.507663333333333
2014-09-08,23.31,1.51377904748633,22.761171428571426,21.576663333333332
2014-09-09,23.6853,1.6100386100386332,22.977514285714285,21.655453333333337
2014-09-10,23.8862,0.848205426994797,23.17137142857143,21.746696666666665
2014-09-11,24.41,2.1928979913087954,23.423142857142857,21.85621
2014-09-12,24.6248,0.8799672265465075,23.67782857142857,21.975399999999997
2014-09-15,24.7489,0.5039634839673734,23.9468,22.09819
2014-09-16,24.0716,-2.73668728711175,24.10525714285714,22.20633
2014-09-17,24.2051,0.5545954568869638,24.233128571428576,22.308423333333334
2014-09-18,24.5974,1.6207328207691774,24.363428571428575,22.422363333333337
2014-09-19,24.6537,0.2288859798190046,24.473071428571426,22.53726
2014-09-22,24.9688,1.2781043007743298,24.5529,22.665
2014-09-23,24.5235,-1.783425715292697,24.53842857142857,22.785613333333334
2014-09-24,24.1531,-1.5103879951882893,24.45331428571428,22.889736666666668
2014-09-25,23.6113,-2.243190315114829,24.38755714285714,22.978369999999998
2014-09-26,23.6912,0.3383972928216572,24.314142857142855,23.08732
2014-09-29,23.9932,1.2747349226717164,24.22782857142857,23.19953333333333
2014-09-30,24.2982,1.2711935048263623,24.177042857142858,23.311349999999997
2014-10-01,24.1597,-0.5700010700381064,24.06145714285714,23.410126666666667
2014-10-07,23.9234,-0.9780750588790466,23.975728571428572,23.490576666666666
2014-10-08,24.0609,0.5747510805320211,23.962557142857147,23.56552333333333
2014-10-09,24.0814,0.08520047047284596,24.029714285714288,23.638303333333333
2014-10-10,23.7407,-1.4147848547011344,24.036785714285713,23.70533
2014-10-13,23.8232,0.34750449649756376,24.0125,23.777166666666666
2014-10-14,23.7147,-0.45543839618522597,23.929142857142857,23.831816666666665
2014-10-16,23.2763,-1.8486424032351345,23.802942857142856,23.868663333333334
2014-10-17,23.3519,0.3247938890631241,23.721299999999996,23.896086666666665
2014-10-20,23.3913,0.1687228876451119,23.625642857142854,23.92087666666667
2014-10-21,23.54,0.6357064378636368,23.5483,23.944143333333333
2014-10-22,23.8185,1.1830926083262527,23.55941428571429,23.97589
2014-10-27,23.9115,0.3904527992946605,23.57202857142857,24.007526666666664
2014-10-28,24.0775,0.6942266273550324,23.623857142857144,24.033110000000004
2014-10-29,24.2092,0.5469836984736798,23.757128571428574,24.050573333333332
2014-10-30,24.2267,0.07228656874247452,23.8821,24.061923333333333
2014-10-31,24.3031,0.3153545468429497,24.012357142857145,24.058359999999997
2014-11-03,24.5647,1.0764058906065355,24.158742857142858,24.056356666666666
2014-11-05,24.6593,0.3851054562034273,24.27885714285714,24.053369999999997
2014-11-07,24.567,-0.3743009736691727,24.372500000000002,24.069883333333333
2014-11-10,24.7095,0.5800464037122977,24.46278571428572,24.086696666666665
2014-11-11,24.92,0.851899067160411,24.56432857142857,24.09745
2014-11-12,25.2255,1.2259229534510308,24.707014285714287,24.11651
2014-11-13,25.3732,0.5855186220292907,24.859885714285717,24.129990000000003
2014-11-14,25.4694,0.3791401951665607,24.989128571428573,24.16152
2014-11-17,25.74,1.062451412282961,25.143514285714282,24.21441666666667
2014-11-18,26.0028,1.0209790209790404,25.34862857142857,24.29413333333333
2014-11-19,26.0641,0.23574384297075923,25.542142857142856,24.37323
2014-11-20,25.8923,-0.659144186831695,25.68104285714286,24.436533333333333
2014-11-21,25.9891,0.37385632021875725,25.79012857142857,24.49289666666667
2014-11-24,25.896,-0.35822710290083215,25.864814285714285,24.550773333333332
2014-11-25,25.3911,-1.9497219647822028,25.85362857142857,24.599696666666667
2014-11-26,25.6618,1.066121593786784,25.842457142857143,24.65306
2014-11-27,26.0216,1.4020840315176697,25.845142857142857,24.717733333333335
2014-11-28,26.2402,0.8400713253604808,25.870300000000004,24.801049999999996
2014-12-01,26.2093,-0.11775824879384222,25.915585714285715,24.880586666666666
2014-12-02,26.5928,1.4632210703834136,26.00182857142857,24.976523333333333
2014-12-03,27.0697,1.7933425588881224,26.169500000000003,25.102970000000003
2014-12-04,27.342,1.0059217501486861,26.448200000000003,25.235973333333334
2014-12-05,27.3359,-0.02230999926852162,26.68735714285714,25.36746
2014-12-08,27.5153,0.6562798371372525,26.90074285714286,25.49997
2014-12-09,27.0266,-1.776102750106312,27.013085714285715,25.606906666666664
2014-12-10,27.2901,0.9749654044533873,27.167485714285714,25.719526666666663
2014-12-11,27.739,1.6449188533570913,27.33122857142857,25.841576666666665
2014-12-12,27.4434,-1.0656476441111784,27.384614285714285,25.949383333333333
2014-12-15,27.3527,-0.33049840763171856,27.386142857142858,26.053583333333332
2014-12-16,26.791,-2.0535449882461254,27.3083,26.136513333333333
2014-12-17,26.2936,-1.8565936321899068,27.13377142857143,26.194143333333333
2014-12-18,27.0853,3.0109988742507587,27.14215714285714,26.27501
2014-12-19,27.1556,0.2595503834183166,27.122942857142856,26.361296666666664
2014-12-22,27.439,1.0436153132318937,27.080085714285712,26.45228
2014-12-23,27.4262,-0.04664893035459805,27.07762857142857,26.53582
2014-12-24,27.4695,0.1578782332222417,27.094314285714287,26.610619999999997
2014-12-26,27.5386,0.2515517209996432,27.201114285714286,26.682799999999997
2014-12-29,28.1163,2.0977827485783695,27.4615,26.77103
2014-12-30,28.5876,1.6762518539068072,27.676114285714284,26.86595
2014-12-31,29.2084,2.1715708908757847,27.969371428571428,26.972803333333335
2015-01-01,29.3671,0.5433368483039214,28.244814285714284,27.08290333333333
2015-01-02,29.4253,0.1981809576022231,28.530400000000004,27.20067
2015-01-05,29.3031,-0.41528888405555353,28.79234285714286,27.311136666666666
2015-01-06,28.566,-2.5154335206855283,28.939114285714282,27.400136666666665
2015-01-07,28.7345,0.5898620737940341,29.027428571428572,27.51158333333333
2015-01-08,29.2325,1.7331082844664225,29.119557142857143,27.63060666666667
2015-01-09,29.2834,0.1741212691353855,29.13027142857143,27.73933333333333
2015-01-12,29.4713,0.6416604629243761,29.14515714285714,27.847036666666668
2015-01-13,29.4388,-0.11027677774647637,29.147085714285716,27.954686666666667
2015-01-14,29.5028,0.21740016576763388,29.175614285714286,28.05168666666667
2015-01-15,29.6991,0.6653605759453285,29.337485714285716,28.139333333333337
2015-01-16,29.7293,0.10168658309510636,29.4796,28.21891
2015-01-19,30.5172,2.650247399030592,29.66312857142857,28.324953333333333
2015-01-20,30.8184,0.9869843891313845,29.882414285714283,28.435056666666664
2015-01-21,30.714,-0.3387586636554807,30.059942857142858,28.55797
2015-01-22,30.7123,-0.005534935208695302,30.241871428571425,28.67204333333333
2015-01-23,30.4927,-0.7150229712525547,30.383285714285712,28.76383333333333
2015-01-27,30.5724,0.26137403378512225,30.508042857142858,28.868133333333333
2015-01-28,30.7898,0.7110988996611445,30.65954285714286,28.982703333333337
2015-01-29,30.7497,-0.13023793593982536,30.692757142857143,29.11466
2015-01-30,30.5936,-0.5076472290786671,30.660642857142857,29.257993333333335
2015-02-02,30.6145,0.06831494168715313,30.646428571428572,29.375633333333333
2015-02-03,30.7745,0.5226281663917476,30.655314285714287,29.496263333333335
2015-02-04,30.6731,-0.3294935742254035,30.68108571428571,29.604066666666668
2015-02-05,30.2614,-1.3422184259171854,30.636657142857143,29.698573333333332
2015-02-06,29.7377,-1.7305874810815025,30.48635714285714,29.77418
2015-02-09,29.397,-1.1456837616897086,30.29311428571429,29.836126666666665
2015-02-10,29.5782,0.616389427492603,30.14805714285714,29.884856666666668
2015-02-11,29.9083,1.1160246397684759,30.047171428571428,29.92888
2015-02-12,30.2611,1.1796056613047057,29.973828571428573,29.96397
2015-02-13,30.2844,0.07699654011257273,29.9183,29.99454666666667
2015-02-16,30.5344,0.8255075220245489,29.9573,30.03151666666667
2015-02-18,30.6868,0.49910920142528514,30.092885714285718,30.077639999999995
2015-02-19,30.6178,-0.22485237952475368,30.267285714285713,30.146033333333335
2015-02-20,30.6869,0.22568571223275935,30.42567142857143,30.211113333333333
2015-02-23,30.3222,-1.1884550084889756,30.484800000000003,30.247436666666665
2015-02-24,30.2175,-0.34529156855372944,30.47857142857143,30.278573333333334
2015-02-25,30.1089,-0.35939439066766665,30.4535,30.299826666666664
2015-02-26,29.9507,-0.525426036819665,30.370114285714287,30.316889999999997
2015-02-27,30.2262,0.91984494519326,30.304314285714288,30.341003333333333
2015-03-02,30.5216,0.9772978409459343,30.29057142857143,30.36842
2015-03-03,30.8045,0.9268845669951897,30.30737142857143,30.40426
2015-03-04,30.6349,-0.550568910386473,30.352042857142855,30.408183333333334
2015-03-05,30.6428,0.025787582136715947,30.412799999999997,30.40233
2015-03-09,30.4317,-0.6889057135770926,30.458914285714286,30.39292
2015-03-10,30.3725,-0.19453398922834042,30.51917142857143,30.381593333333335
2015-03-11,30.4375,0.21400938348836718,30.54935714285714,30.379753333333333
2015-03-12,30.686,0.8164271047227833,30.572842857142856,30.383539999999996
2015-03-13,30.2599,-1.3885811119077163,30.495042857142856,30.365876666666665
2015-03-16,30.179,-0.26735051999511317,30.429914285714286,30.346853333333335
2015-03-17,30.0579,-0.40127240796580255,30.346357142857148,30.328996666666665
2015-03-18,30.0143,-0.14505338030934567,30.286728571428572,30.30899
2015-03-19,29.8192,-0.6500234888036749,30.207685714285713,30.277146666666667
2015-03-20,29.392,-1.432634007619249,30.05832857142857,30.23444333333333
2015-03-23,28.911,-1.6364997278170867,29.80475714285714,30.18943
2015-03-24,28.8295,-0.28189962298087456,29.600414285714287,30.159156666666664
2015-03-25,28.8366,0.024627551639810896,29.40864285714286,30.140476666666668
2015-03-26,28.4267,-1.42145745337523,29.175614285714286,30.102093333333336
2015-03-27,28.5473,0.42424903347908494,28.966042857142856,30.056726666666666
2015-03-30,29.2627,2.5060163307913497,28.88654285714286,30.023446666666665
2015-03-31,29.3347,0.24604701548387453,28.878357142857144,29.991789999999998
2015-04-01,29.7949,1.568790544985954,29.004628571428572,29.967139999999997
2015-04-06,30.1584,1.2200074509395975,29.19447142857143,29.949526666666667
2015-04-07,30.2953,0.4539365483580138,29.40285714285714,29.938776666666666
2015-04-08,30.8106,1.7009239056883452,29.743414285714284,29.9429
2015-04-09,31.2433,1.4043868019447903,30.128557142857144,29.973603333333333
2015-04-10,31.3292,0.27493894691021925,30.42377142857143,30.010659999999998
2015-04-13,31.7364,1.2997459239303844,30.766871428571427,30.06491
2015-04-15,31.8726,0.429160207206869,31.063685714285718,30.12897333333333
2015-04-16,31.9168,0.13867710823716184,31.314885714285715,30.185326666666665
2015-04-17,31.798,-0.37221776619209557,31.529557142857147,30.22787333333333
2015-04-20,31.0796,-2.25926158877916,31.567985714285708,30.237043333333336
2015-04-21,31.0267,-0.170208110786485,31.537042857142858,30.250103333333335
2015-04-22,31.0468,0.06478291278158022,31.4967,30.26357
2015-04-23,30.9662,-0.25960807555046594,31.386671428571425,30.281386666666666
2015-04-24,30.2416,-2.339970677706671,31.153671428571425,30.277023333333332
2015-04-27,29.674,-1.8768848209089417,30.83327142857143,30.251573333333333
2015-04-28,29.7529,0.2658893307272425,30.541114285714283,30.22047
2015-04-29,30.1521,1.3417179501830079,30.408614285714286,30.216876666666668
2015-04-30,30.1525,0.001326607433638216,30.283728571428576,30.215993333333333
2015-05-04,30.6068,1.5066744051073666,30.220871428571428,30.23429
2015-05-05,30.6932,0.2822902100186875,30.18187142857143,30.256919999999997
2015-05-06,30.0312,-2.1568295257581527,30.151814285714288,30.263986666666664
2015-05-07,29.4468,-1.9459761847678392,30.119357142857144,30.265813333333334
2015-05-08,29.884,1.4847114117663152,30.138085714285715,30.298246666666667
2015-05-11,30.6452,2.547182438763218,30.20852857142857,30.35877
2015-05-12,30.1822,-1.5108401968334295,30.212771428571426,30.403623333333332
2015-05-13,30.4511,0.8909224642338787,30.19052857142857,30.471103333333335
2015-05-14,30.5463,0.3126323843801959,30.169542857142858,30.537736666666667
2015-05-15,31.0965,1.8012001453531212,30.32172857142857,30.598863333333334
2015-05-18,31.1586,0.19970093097294583,30.56627142857143,30.65966
2015-05-19,31.0088,-0.48076614482036595,30.726957142857145,30.700123333333334
2015-05-20,30.9295,-0.25573385619566125,30.767571428571426,30.725826666666666
2015-05-21,30.8716,-0.18719992240417982,30.86605714285714,30.745036666666667
2015-05-22,30.8954,0.07709350989257846,30.92952857142857,30.74786333333333
2015-05-25,30.681,-0.6939544398195108,30.94877142857143,30.72912
2015-05-26,30.5493,-0.42925589126822095,30.8706,30.703123333333334
2015-05-27,30.3406,-0.6831580429011441,30.753742857142857,30.656596666666665
2015-05-28,30.3566,0.0527346196186107,30.660571428571426,30.60606333333333
2015-05-29,30.5261,0.5583629260193845,30.602942857142857,30.559706666666667
2015-06-01,30.3029,-0.7311775824622169,30.521700000000003,30.50987
2015-06-02,29.8851,-1.3787459286074943,30.37737142857143,30.470053333333333
2015-06-03,29.5373,-1.1637906515286955,30.213985714285712,30.420406666666665
2015-06-04,29.4409,-0.3263670003690211,30.055642857142857,30.366876666666666
2015-06-05,29.7033,0.8912771009038423,29.9646,30.32478
2015-06-08,29.3979,-1.0281685873286817,29.827642857142855,30.296656666666664
2015-06-09,29.2003,-0.6721568547413348,29.63824285714286,30.280866666666665
2015-06-10,29.6228,1.4469029427780056,29.541085714285714,30.27653
2015-06-11,29.1922,-1.453610057118171,29.4421,30.244533333333333
2015-06-12,29.2746,0.2822671809592947,29.404571428571426,30.215269999999997
2015-06-15,29.5041,0.7839560574696147,29.413600000000002,30.17851333333333
2015-06-16,29.497,-0.024064452059213703,29.38412857142857,30.138640000000002
2015-06-17,30.0202,1.7737397023426027,29.473028571428568,30.138273333333334
2015-06-18,30.4689,1.4946602620901972,29.654257142857144,30.172343333333334
2015-06-19,30.5701,0.3321419545831983,29.789585714285714,30.19521333333333
2015-06-22,30.7491,0.5855394650328138,30.012,30.198676666666664
2015-06-23,30.8937,0.4702576660780222,30.2433,30.222393333333336
2015-06-24,30.9998,0.3434357166671509,30.456971428571425,30.24068333333333
2015-06-25,31.0607,0.19645288034115804,30.68035714285714,30.25783
2015-06-26,31.0294,-0.10077042693822369,30.824528571428573,30.25559333333333
2015-06-29,30.6479,-1.2294791391390114,30.850099999999998,30.23857
2015-06-30,31.1456,1.6239285562795525,30.932314285714284,30.24313
2015-07-01,31.4503,0.9783083324771402,31.032485714285713,30.26049
2015-07-02,31.5581,0.3427630261078729,31.127399999999998,30.283373333333333
2015-07-03,31.7734,0.6822337212950114,31.237914285714286,30.312640000000002
2015-07-06,32.4565,2.1499115612430453,31.437314285714283,30.371823333333335
2015-07-07,32.8775,1.2971207616347957,31.701328571428572,30.44943
2015-07-08,32.7031,-0.530453957873922,31.994928571428574,30.52818
2015-07-09,32.7345,0.09601536245797959,32.221914285714284,30.607443333333332
2015-07-10,32.8467,0.342757641020941,32.4214,30.684796666666667
2015-07-13,32.901,0.16531341047960613,32.61324285714286,30.771399999999996
2015-07-14,32.7785,-0.37232910853773893,32.75682857142857,30.867846666666665
2015-07-15,33.0081,0.700459142425669,32.83562857142857,30.98354
2015-07-16,33.357,1.0570132785588937,32.90412857142857,31.114076666666666
2015-07-17,33.3724,0.04616722127288586,32.999742857142856,31.236379999999997
2015-07-20,33.5203,0.4431805923457599,33.112,31.37379333333333
2015-07-21,33.0264,-1.47343550027893,33.13767142857143,31.501330000000003
2015-07-22,33.1968,0.5159508756631181,33.17992857142857,31.62046333333333
2015-07-23,33.5174,0.9657557354925794,33.28548571428571,31.764636666666668
2015-07-24,33.1976,-0.954131287033011,33.312557142857145,31.895403333333334
2015-07-27,33.1625,-0.10573053473744709,33.28477142857143,32.01735
2015-07-28,33.0327,-0.3914059555220617,33.23624285714286,32.13520666666667
2015-07-29,33.1365,0.31423407714175067,33.18141428571429,32.23908333333333
2015-07-30,33.2022,0.19827078900909179,33.20652857142857,32.330193333333334
2015-07-31,33.6861,1.4574335435603825,33.276428571428575,32.43406
2015-08-03,33.884,0.587482670893924,33.3288,32.538556666666665
2015-08-04,34.1317,0.731023491913585,33.462242857142854,32.64649
2015-08-05,34.118,-0.04013863944661855,33.59874285714285,32.75043
2015-08-06,33.7245,-1.153350137757203,33.69757142857143,32.83922333333334
2015-08-07,33.7308,0.0186807810345746,33.782471428571434,32.92927
2015-08-10,33.7575,0.07915614216087441,33.8618,33.032923333333336
2015-08-11,33.3291,-1.2690513219284716,33.81079999999999,33.10570666666667
2015-08-12,32.7984,-1.5923022223822358,33.65571428571429,33.15064333333333
2015-08-13,32.6931,-0.3210522464510479,33.4502,33.188476666666666
2015-08-14,33.1547,1.411918722910932,33.31258571428572,33.234519999999996
2015-08-17,33.3263,0.5175736773368689,33.255700000000004,33.263513333333336
2015-08-18,33.6383,0.9361975376804388,33.24248571428571,33.288873333333335
2015-08-19,33.8543,0.6421251965765151,33.25631428571428,33.32724666666667
2015-08-20,33.2221,-1.8674141837226155,33.24102857142857,33.3435
2015-08-21,33.1377,-0.2540477573663158,33.2895,33.3532
2015-08-24,31.2426,-5.718864012891666,33.08228571428571,33.29792
2015-08-25,31.1813,-0.19620646169012934,32.80037142857143,33.24468
2015-08-26,31.2456,0.2062133394053367,32.50312857142857,33.18593
2015-08-27,32.1993,3.052269759582149,32.297557142857144,33.14734
2015-08-28,32.0768,-0.38044305310985793,32.04362857142857,33.104153333333336
2015-08-31,31.9757,-0.31518106544293767,31.865571428571428,33.05266666666667
2015-09-01,31.4028,-1.7916730517236523,31.617728571428575,32.99854666666666
2015-09-02,31.3571,-0.14552842421694523,31.634085714285714,32.937223333333336
2015-09-03,31.5572,0.6381329906145705,31.687785714285717,32.87188333333333
2015-09-04,31.2791,-0.8812568922464625,31.69257142857143,32.80793333333333
2015-09-07,30.8824,-1.2682589972217828,31.50444285714286,32.73193
2015-09-08,30.8088,-0.2383234463642636,31.3233,32.6578
2015-09-09,31.1685,1.1675235646958049,31.207985714285716,32.592200000000005
2015-09-10,31.2459,0.24832763848114947,31.185571428571425,32.52699
2015-09-11,31.3747,0.4122140824876386,31.188085714285712,32.44994333333333
2015-09-14,31.638,0.8392112115813033,31.199628571428573,32.375076666666665
2015-09-15,31.5174,-0.3811871799734634,31.233671428571427,32.287933333333335
2015-09-16,31.4122,-0.3337838781117708,31.309357142857145,32.197739999999996
2015-09-18,31.7435,1.0546857590363112,31.442885714285712,32.131706666666666
2015-09-21,31.8795,0.4284341676248582,31.54445714285714,32.06999666666667
2015-09-22,31.6014,-0.872347433303533,31.595242857142857,31.998126666666668
2015-09-23,31.6956,0.29808805938975613,31.641085714285712,31.94367666666667
2015-09-24,31.6004,-0.3003571473642941,31.635714285714283,31.903743333333335
2015-09-28,31.6127,0.038923557929648744,31.649328571428573,31.867729999999998
2015-09-29,31.5525,-0.1904297956201173,31.669371428571427,31.814323333333334
2015-09-30,31.9449,1.2436415497979691,31.69814285714286,31.768276666666665
2015-10-01,32.0303,0.2673353180006721,31.719685714285713,31.714676666666666
2015-10-05,32.4891,1.4323937022132194,31.8465,31.66917
2015-10-06,32.4971,0.024623643006438378,31.961000000000002,31.64500333333333
2015-10-07,32.6458,0.45757929169063516,32.11034285714286,31.628606666666666
2015-10-08,32.787,0.43252118189782696,32.2781,31.680086666666668
2015-10-09,32.8509,0.19489431786989808,32.46358571428571,31.73574
2015-10-12,32.7741,-0.23378354930916334,32.58204285714286,31.78669
2015-10-13,32.8369,0.19161472016013814,32.697271428571426,31.807943333333334
2015-10-14,32.851,0.04293949794285101,32.74897142857143,31.83375
2015-10-15,33.0744,0.6800401814252233,32.831442857142854,31.870373333333337
2015-10-16,33.1072,0.09917035532012175,32.89735714285714,31.927186666666667
2015-10-19,33.3166,0.6324908177073318,32.973014285714285,31.99250333333333
2015-10-20,33.5605,0.7320674978839259,33.07438571428571,32.05928
2015-10-21,33.6267,0.19725570238822154,33.19618571428571,32.13753333333334
2015-10-23,33.5274,-0.29530105541132334,33.294828571428575,32.225699999999996
2015-10-26,33.2641,-0.7853278214236759,33.35384285714286,32.30754333333333
2015-10-27,33.4053,0.42448164838368996,33.401114285714286,32.38210333333333
2015-10-28,33.3372,-0.20385986654810617,33.43397142857143,32.451813333333334
2015-10-29,33.2373,-0.299665238832314,33.42264285714286,32.5139
2015-10-30,33.1814,-0.16818453965875557,33.36848571428572,32.56534666666666
2015-11-02,32.949,-0.7003923885068097,33.27167142857142,32.61306666666667
2015-11-03,33.328,1.1502625269355748,33.243185714285715,32.67692666666667
2015-11-04,33.2605,-0.20253240518484095,33.24267142857143,32.727493333333335
2015-11-05,32.938,-0.9696186166774368,33.175914285714285,32.76277666666667
2015-11-06,32.6837,-0.7720565911712884,33.08255714285714,32.798853333333334
2015-11-09,33.0826,1.2204860526806804,33.06045714285714,32.84508666666667
2015-11-10,32.8783,-0.6175451748048677,33.01715714285715,32.887683333333335
2015-11-13,32.8994,0.06417606749740123,33.01007142857143,32.930573333333335
2015-11-16,32.8399,-0.1808543620856251,32.94034285714286,32.973486666666666
2015-11-17,33.142,0.9199175393347803,32.92341428571429,33.01339
2015-11-18,32.7862,-1.0735622472995088,32.90172857142857,33.03858666666667
2015-11-19,33.2648,1.4597605089946342,32.984742857142855,33.06444333333334
2015-11-20,33.4842,0.6595560472331119,33.042114285714284,33.09734666666667
2015-11-23,33.6307,0.43751978545103487,33.1496,33.130176666666664
2015-11-24,33.4978,-0.3951746469743389,33.23508571428572,33.153870000000005
2015-11-26,33.4275,-0.20986452841678105,33.319028571428575,33.17309
2015-11-27,33.5568,0.38680726946376254,33.37828571428572,33.19918
2015-11-30,33.5197,-0.1105588137128799,33.48307142857143,33.221940000000004
2015-12-01,33.5186,-0.003281652282094427,33.519328571428574,33.244193333333335
2015-12-02,33.8327,0.9370916446391098,33.569114285714285,33.26947
2015-12-03,33.7975,-0.10404135643919954,33.59294285714286,33.29248
2015-12-04,33.694,-0.3062356683186551,33.62097142857143,33.305060000000005
2015-12-07,33.6603,-0.10001780732475929,33.65422857142857,33.30838666666667
2015-12-08,33.2944,-1.0870372515990545,33.61674285714286,33.29731
2015-12-09,32.871,-1.2716853284636453,33.52407142857143,33.27543
2015-12-10,33.2474,1.1450822913814607,33.485328571428575,33.27487333333333
2015-12-11,33.0682,-0.5389895149696011,33.37611428571429,33.26363666666667
2015-12-14,33.0979,0.08981438360722294,33.27617142857143,33.25566
2015-12-15,33.3962,0.9012656392097362,33.233628571428575,33.260956666666665
2015-12-16,33.3913,-0.014672327989406764,33.1952,33.26795333333334
2015-12-17,34.0463,1.9615887970818813,33.302614285714284,33.30453
2015-12-18,33.9321,-0.335425582221871,33.4542,33.324666666666666
2015-12-21,34.167,0.6922648465612413,33.58557142857143,33.35488333333333
2015-12-22,34.2195,0.1536570374923052,33.75004285714286,33.3976
2015-12-23,34.4628,0.7109981151098177,33.94502857142857,33.45690333333333
2015-12-24,34.6924,0.6662256113838527,34.1302,33.51056333333334
2015-12-28,34.9675,0.7929690652707766,34.35537142857143,33.58020333333334
2015-12-29,35.1231,0.4449846285836889,34.5092,33.65432666666667
2015-12-30,35.4189,0.8421807870034215,34.7216,33.740293333333334
2015-12-31,35.7192,0.8478524177769398,34.94334285714286,33.8262
2016-01-01,36.0391,0.8955967658849984,35.20328571428571,33.93463
2016-01-04,35.7424,-0.8232725012555675,35.38608571428571,34.01721666666666
2016-01-05,35.9544,0.5931330856349781,35.56637142857143,34.099556666666665
2016-01-06,35.5722,-1.0630131499899775,35.65275714285714,34.164273333333334
2016-01-07,34.6033,-2.723756191632809,35.5785,34.201123333333335
2016-01-08,35.1548,1.5937786280499466,35.540771428571425,34.2587
2016-01-11,35.1181,-0.10439541684209575,35.4549,34.310743333333335
2016-01-12,34.5143,-1.7193413083281817,35.23707142857143,34.343896666666666
2016-01-13,33.9198,-1.7224744526181834,34.9767,34.35727
2016-01-14,33.6342,-0.841986096616143,34.64524285714286,34.350653333333334
2016-01-15,32.8379,-2.367530668188933,34.25462857142857,34.318666666666665
2016-01-18,31.6702,-3.555952116304628,33.835614285714286,34.25120666666667
2016-01-19,31.9417,0.8572727674596381,33.3766,34.19392
2016-01-20,31.3699,-1.7901364047624213,32.841142857142856,34.12977
2016-01-21,31.4128,0.1367552972754149,32.39807142857143,34.08116333333333
2016-01-22,32.1795,2.440724800081484,32.149457142857145,34.045566666666666
2016-01-25,32.3429,0.507776690128825,31.964985714285714,34.02139
2016-01-27,32.3767,0.10450516187479053,31.8991,33.99735
2016-01-28,32.3849,0.025326855423823957,32.0012,33.96364
2016-01-29,32.5066,0.3757924217768105,32.081900000000005,33.93415
2016-02-01,32.6827,0.5417361397377807,32.269442857142856,33.88869666666667
2016-02-02,32.579,-0.3172932468859524,32.43604285714286,33.84359333333334
2016-02-03,32.1505,-1.3152644341446917,32.4319,33.776376666666664
2016-02-04,32.0113,-0.4329637175160661,32.38452857142857,33.70277
2016-02-05,32.187,0.5488686807471055,32.35742857142857,33.62691
2016-02-08,32.1441,-0.13328362382326597,32.323028571428566,33.54196666666667
2016-02-09,32.0579,-0.26816740863799815,32.25892857142857,33.44498
2016-02-10,31.6489,-1.2758165693947388,32.11124285714286,33.32917333333333
2016-02-11,30.4832,-3.6832243774665208,31.811842857142857,33.16465
2016-02-12,30.1716,-1.0222023934495006,31.52914285714286,32.979729999999996
2016-02-15,31.0517,2.9169815323018877,31.39205714285714,32.81348333333333
2016-02-16,30.4216,-2.0291964691144138,31.139857142857142,32.63612333333334
2016-02-17,30.7027,0.9240145160017921,30.933942857142856,32.46106666666667
2016-02-18,31.0755,1.214225458998719,30.793599999999998,32.31117666666667
2016-02-19,31.1002,0.07948383774998291,30.715214285714286,32.194406666666666
2016-02-22,31.016,-0.2707378087600798,30.791328571428576,32.056446666666666
2016-02-23,30.6836,-1.0717049264895584,30.864471428571427,31.908630000000002
2016-02-24,30.265,-1.3642466985620882,30.75208571428571,31.76698666666667
2016-02-25,30.24,-0.08260366760285409,30.726142857142857,31.644326666666668
2016-02-26,29.9406,-0.9900793650793549,30.617271428571428,31.521206666666664
2016-02-29,29.7635,-0.5915045122676266,30.42984285714286,31.418726666666664
2016-03-01,30.5287,2.5709341979269995,30.3482,31.380676666666666
2016-03-02,30.9607,1.415061892579761,30.340300000000003,31.347976666666668
2016-03-03,31.1097,0.48125526877622615,30.401171428571427,31.33930333333333
2016-03-04,31.114,0.013822055500378738,30.522457142857146,31.329343333333334
2016-03-08,31.0575,-0.1815902809024883,30.639242857142857,31.291943333333336
2016-03-09,31.0997,0.1358770023343725,30.804828571428573,31.250503333333334
2016-03-10,31.0779,-0.07009713920069771,30.9926,31.20721
2016-03-11,31.0885,0.03410783868922351,31.07257142857143,31.163996666666666
2016-03-14,31.3364,0.7974009682036876,31.12624285714286,31.12499
2016-03-15,31.1758,-0.5125030316181944,31.135685714285717,31.07476
2016-03-16,31.2445,0.2203632304544012,31.15432857142857,31.03027666666667
2016-03-17,31.3309,0.27652866904575024,31.193385714285714,31.002956666666666
2016-03-18,31.5504,0.7005863221292818,31.25777142857143,30.987593333333333
2016-03-21,31.9899,1.393009280389479,31.388057142857143,30.981023333333333
2016-03-22,31.8682,-0.38043257403116426,31.499442857142856,30.97182666666667
2016-03-23,32.2192,1.1014114383617546,31.62555714285714,30.977203333333332
2016-03-28,31.8759,-1.0655137309430351,31.72557142857143,30.984770000000005
2016-03-29,31.9445,0.21520960976788572,31.82557142857143,31.03348
2016-03-30,32.3132,1.1541892970621026,31.9659,31.10486666666667
2016-03-31,32.3614,0.14916504710149603,32.08175714285714,31.148523333333337
2016-04-01,32.6099,0.7678901407232042,32.17032857142858,31.221466666666668
2016-04-04,33.112,1.539716466471841,32.348014285714285,31.30177666666667
2016-04-05,32.9295,-0.5511597004107416,32.44948571428572,31.363576666666667
2016-04-06,33.2317,0.9177181554533176,32.64317142857143,31.434626666666666
2016-04-07,33.0194,-0.6388478470857661,32.796728571428574,31.501406666666664
2016-04-08,33.065,0.13810063174981568,32.904128571428565,31.58078666666667
2016-04-11,33.3875,0.9753515802207957,33.050714285714285,31.684869999999997
2016-04-12,33.512,0.3728940471733333,33.179585714285714,31.793936666666664
2016-04-13,33.7693,0.7677846741465766,33.27348571428571,31.921560000000003
2016-04-18,34.1922,1.252320895014103,33.453871428571425,32.069183333333335
2016-04-20,34.2725,0.23484888366351875,33.602557142857144,32.193976666666664
2016-04-21,34.1677,-0.30578452111750254,33.766600000000004,32.30087666666667
2016-04-22,34.001,-0.4878876833969148,33.90031428571429,32.39725333333333
2016-04-25,33.9629,-0.1120555277785984,33.98251428571429,32.492216666666664
2016-04-26,34.1453,0.5370566117734343,34.072985714285714,32.59514333333333
2016-04-27,34.3437,0.5810462933405258,34.15504285714286,32.70327666666667
2016-04-28,34.1016,-0.7049327824317109,34.1421,32.804066666666664
2016-04-29,34.1348,0.09735613578247815,34.122428571428564,32.90561
2016-05-02,34.0495,-0.24989160622003181,34.10554285714285,32.996046666666665
2016-05-03,34.0306,-0.05550742301649869,34.10977142857143,33.09120666666667
2016-05-04,33.7226,-0.9050677919284378,34.07544285714285,33.173809999999996
2016-05-05,33.9939,0.8045049907183799,34.05381428571429,33.26257666666667
2016-05-06,33.8769,-0.3441793968917861,33.98712857142857,33.34012666666667
2016-05-09,34.0572,0.5322210709952868,33.980785714285716,33.409036666666665
2016-05-10,33.8602,-0.5784386267808306,33.94155714285714,33.47543666666666
2016-05-11,33.9502,0.2657987844135734,33.927371428571426,33.533136666666664
2016-05-12,34.334,1.1304793491643705,33.97071428571429,33.615073333333335
2016-05-13,34.2819,-0.15174462631794006,34.05061428571428,33.69298666666667
2016-05-16,34.214,-0.19806370125343697,34.082057142857145,33.756346666666666
2016-05-17,34.2682,0.15841468404746983,34.13795714285714,33.81990666666666
2016-05-18,34.3194,0.14940965676633056,34.17541428571429,33.876889999999996
2016-05-19,33.8355,-1.4099896851343496,34.171885714285715,33.90100666666667
2016-05-20,33.6161,-0.6484313812415987,34.12415714285714,33.92389333333333
2016-05-23,33.6583,0.12553508586656825,34.02762857142857,33.938113333333334
2016-05-24,33.416,-0.7198818716334432,33.90392857142857,33.95133333333334
2016-05-25,33.6057,0.5676921235336474,33.81702857142857,33.96935666666666
2016-05-26,33.5544,-0.15265267499262603,33.71505714285714,33.974920000000004
2016-05-27,33.7237,0.5045537992036886,33.629957142857144,33.98197666666667
2016-05-30,33.8423,0.3516814584402006,33.63092857142857,33.98441
2016-05-31,33.7683,-0.21866126120269058,33.65267142857142,33.970279999999995
2016-06-01,33.793,0.0731455240565726,33.67191428571429,33.954296666666664
2016-06-02,33.9535,0.47495043352172583,33.7487,33.947156666666665
2016-06-03,33.8652,-0.2600615547734275,33.78577142857143,33.94263
2016-06-06,34.0559,0.5631149380485034,33.85741428571429,33.94573
2016-06-07,34.4547,1.1710158885831934,33.96184285714286,33.956043333333334
2016-06-08,34.5334,0.228415861986897,34.06057142857143,33.96236666666667
2016-06-09,34.2408,-0.8472956615913851,34.12807142857143,33.96700666666667
2016-06-10,34.345,0.3043153197355153,34.20692857142857,33.97401333333333
2016-06-13,34.1257,-0.6385208909593709,34.23152857142857,33.976553333333335
2016-06-14,34.0845,-0.12073012421723872,34.26285714285714,33.97835
2016-06-15,34.3849,0.8813390250700603,34.30985714285715,34.00042666666667
2016-06-16,34.26,-0.36324084118321,34.282042857142855,34.009296666666664
2016-06-17,34.405,0.42323409223585795,34.26370000000001,34.0269
2016-06-20,34.2823,-0.3566342101438802,34.269628571428576,34.03440333333334
2016-06-21,34.2368,-0.1327215501876977,34.25417142857143,34.04695666666667
2016-06-22,34.2584,0.0630900084120034,34.27312857142857,34.05723
2016-06-23,34.2001,-0.17017724120216293,34.28964285714286,34.05276666666666
2016-06-24,33.9007,-0.875436036736732,34.22047142857143,34.04006
2016-06-27,34.2331,0.9805107269171387,34.216628571428565,34.04069666666667
2016-06-28,34.5703,0.9850115823574424,34.24024285714286,34.05076666666667
2016-06-29,35.1004,1.5333971646181777,34.35711428571428,34.076800000000006
2016-06-30,35.2551,0.4407357181114735,34.502585714285715,34.12412
2016-07-01,35.3909,0.3851924969720866,34.664371428571435,34.183279999999996
2016-07-04,35.5248,0.3783458459660549,34.853614285714286,34.24549666666667
2016-07-05,35.5532,0.0799441516912136,35.089685714285714,34.316736666666664
2016-07-07,35.6973,0.4053081016617499,35.298857142857145,34.38645666666666
2016-07-08,35.747,0.13922621598831952,35.46695714285715,34.459543333333336
2016-07-11,35.8859,0.38856407530700743,35.57917142857143,34.531616666666665
2016-07-12,35.7695,-0.32436137870305304,35.652657142857144,34.59585666666667
2016-07-13,35.8112,0.11657976767915912,35.7127,34.66395333333333
2016-07-14,36.3687,1.556775533911181,35.83325714285714,34.749810000000004
2016-07-15,36.3821,0.03684486935195963,35.95167142857143,34.83076333333334
2016-07-18,36.3078,-0.2042213066315579,36.03888571428571,34.91218333333333
2016-07-19,36.1272,-0.4974137788574362,36.0932,34.981226666666664
2016-07-20,36.5005,1.0332934741690503,36.181,35.049420000000005
2016-07-21,36.5193,0.051506143751445244,36.288114285714286,35.11561666666667
2016-07-22,36.6433,0.3395464863784392,36.40698571428572,35.1957
2016-07-25,36.9769,0.9103983538600424,36.49387142857143,35.283429999999996
2016-07-26,36.7347,-0.6550035292304246,36.544242857142855,35.370396666666664
2016-07-27,36.4712,-0.7173054360046338,36.56758571428572,35.44995333333333
2016-07-28,36.7219,0.6873916953650916,36.65254285714286,35.52785333333333
2016-07-29,36.8836,0.44033669281819954,36.707271428571424,35.61530666666667
2016-08-01,36.5024,-1.0335216735893438,36.70485714285714,35.685219999999994
2016-08-02,36.3876,-0.3144998685018052,36.668328571428574,35.75539666666666
2016-08-03,35.9656,-1.1597357341511905,36.523857142857146,35.813023333333334
2016-08-04,36.1689,0.565262361812402,36.44302857142857,35.87670666666667
2016-08-05,36.4669,0.823912256109538,36.442414285714285,35.95226666666667
2016-08-08,36.5398,0.1999073132073148,36.416399999999996,36.040236666666665
2016-08-09,36.3094,-0.6305453231818525,36.33437142857143,36.10944666666667
2016-08-10,35.939,-1.0201215112339956,36.253885714285715,36.155069999999995
2016-08-11,35.9288,-0.028381424079682027,36.18834285714286,36.18268333333334
2016-08-12,36.0147,0.2390839660662003,36.19535714285714,36.20800333333333
2016-08-16,35.9908,-0.06636179115748764,36.169914285714285,36.227999999999994
2016-08-17,36.3047,0.8721673316514078,36.146742857142854,36.253996666666666
2016-08-18,36.6979,1.0830553619779248,36.16932857142857,36.29215333333333
2016-08-19,36.761,0.1719444436875328,36.233842857142854,36.32761000000001
2016-08-22,36.7581,-0.007888795190569287,36.350857142857144,36.361313333333335
2016-08-23,36.8134,0.15044303160391959,36.47722857142857,36.392230000000005
2016-08-24,37.0685,0.6929541960264407,36.62777142857143,36.43553
2016-08-25,37.1465,0.21042124715056065,36.792871428571424,36.48004
2016-08-26,37.145,-0.004038065497424803,36.91291428571429,36.505916666666664
2016-08-29,37.3338,0.508278368555648,37.00375714285714,36.53764
2016-08-30,37.8232,1.3108764711869725,37.1555,36.58815333333334
2016-08-31,37.9673,0.38098310031937643,37.32824285714286,36.64949000000001
2016-09-01,37.547,-1.1070052387185947,37.43304285714286,36.68437333333333
2016-09-02,37.7261,0.47700215729620243,37.526985714285715,36.7246
2016-09-06,37.9713,0.6499479140435804,37.64481428571429,36.76886666666666
2016-09-07,37.7765,-0.5130190433300985,37.73502857142857,36.79552
2016-09-08,38.0072,0.6106971265204431,37.831228571428575,36.83793666666667
2016-09-09,37.8889,-0.31125681449829523,37.84061428571429,36.88519333333333
2016-09-12,37.1323,-1.9968909100026577,37.72132857142857,36.898873333333334
2016-09-14,37.4695,0.9081042650199267,37.71025714285714,36.91840333333333
2016-09-15,37.5655,0.25620838281803504,37.68731428571429,36.95384000000001
2016-09-16,37.5474,-0.048182507886218584,37.62675714285714,36.9925
2016-09-19,37.7317,0.490846237023046,37.62035714285714,37.051370000000006
2016-09-20,37.8995,0.4447188968427218,37.60497142857143,37.10905666666667
2016-09-21,37.8895,-0.026385572369047594,37.60505714285715,37.15647666666667
2016-09-22,38.4994,1.6096807822747916,37.800357142857145,37.22179666666667
2016-09-23,38.6335,0.34831711663037,37.96664285714286,37.29926666666667
2016-09-26,38.5512,-0.2130275538069215,38.10745714285714,37.386340000000004
2016-09-27,38.6536,0.2656207848263925,38.26548571428571,37.47716666666667
2016-09-28,38.8645,0.5456154148643311,38.42731428571428,37.572160000000004
2016-09-29,37.6457,-3.1360238778319616,38.39105714285714,37.62732333333334
2016-09-30,38.6634,2.703363199515496,38.50161428571429,37.70594666666667
2016-10-03,39.4262,1.972925298861461,38.63401428571429,37.79689
2016-10-04,39.6324,0.5230024704384384,38.776714285714284,37.892603333333334
2016-10-05,39.9987,0.9242438005268472,38.9835,38.00062333333334
2016-10-06,39.8451,-0.38401248040560443,39.15371428571429,38.10168
2016-10-07,40.2223,0.9466659639453701,39.34768571428572,38.206806666666665
2016-10-10,40.4711,0.61856233979658,39.75131428571429,38.31762666666667
2016-10-13,39.7037,-1.8961678827607908,39.899928571428575,38.40291666666667
2016-10-14,39.9726,0.677266854222669,39.977985714285715,38.490876666666665
2016-10-17,39.6723,-0.7512646162621373,39.98368571428572,38.55251333333333
2016-10-18,40.0062,0.8416451781217527,39.98475714285714,38.62047666666667
2016-10-19,40.2299,0.5591633296839094,40.03972857142857,38.709906666666676
2016-10-20,40.2785,0.12080566941503612,40.047757142857144,38.79498666666667
2016-10-21,40.0949,-0.45582630932134993,39.994014285714286,38.86577333333334
2016-10-24,40.4993,1.008607079703383,40.10767142857143,38.95653333333333
2016-10-25,40.6786,0.4427237013973295,40.20852857142857,39.045579999999994
2016-10-26,40.5044,-0.42823499333803916,40.327400000000004,39.13276333333333
2016-10-27,40.588,0.20639732967282498,40.410514285714285,39.247953333333335
2016-10-28,41.0564,1.1540356755691317,40.52858571428572,39.36751666666667
2016-11-01,41.6575,1.4640835533558771,40.725585714285714,39.50391666666666
2016-11-02,41.034,-1.4967292804416998,40.859742857142855,39.62013666666667
2016-11-03,40.5851,-1.0939708534386194,40.872,39.71525
2016-11-04,39.8044,-1.9236123602011435,40.74711428571428,39.77874666666666
2016-11-07,40.3143,1.2810141592386914,40.71995714285714,39.85957333333333
2016-11-08,40.2973,-0.04216865975597006,40.67842857142857,39.91950333333333
2016-11-09,39.7184,-1.4365726736034312,40.48728571428571,39.95566666666666
2016-11-10,40.372,1.645584917821452,40.303642857142854,40.01636
2016-11-11,39.2286,-2.832160903596548,40.045728571428576,40.03552666666666
2016-11-15,37.2816,-4.963215613098615,39.573800000000006,39.98276333333333
2016-11-16,37.2673,-0.038356722887422645,39.21135714285714,39.97015
2016-11-17,37.079,-0.5052686940025142,38.74917142857142,39.917336666666664
2016-11-18,37.4444,0.9854634698886144,38.341614285714286,39.851276666666664
2016-11-21,36.0161,-3.814455566119368,37.812714285714286,39.73073333333333
2016-11-22,36.3454,0.9143133209869925,37.23748571428571,39.608956666666664
2016-11-23,36.6964,0.9657343157593479,36.87574285714286,39.504
2016-11-24,36.8274,0.35698324631299183,36.81085714285714,39.390836666666665
2016-11-25,37.3075,1.3036489135806573,36.816599999999994,39.285383333333336
2016-11-28,37.784,1.2772230784694916,36.91731428571428,39.22139333333333
2016-11-29,37.9466,0.4303408850306889,36.98905714285714,39.153859999999995
2016-11-30,38.2132,0.7025662378184139,37.30292857142857,39.105223333333335
2016-12-01,38.1715,-0.1091245956894471,37.5638,39.044066666666666
2016-12-02,37.6241,-1.434054202742896,37.69632857142857,38.957206666666664
2016-12-05,37.5993,-0.06591519797151113,37.8066,38.8679
2016-12-06,37.4778,-0.32314431385690456,37.83092857142857,38.78066333333333
2016-12-07,37.3837,-0.25108197386186637,37.77374285714286,38.67681
2016-12-08,37.6893,0.8174685758766564,37.736985714285716,38.57716666666667
2016-12-09,37.7144,0.06659715091550389,37.66572857142857,38.48416666666667
2016-12-12,37.4765,-0.6307935430498568,37.56644285714286,38.38045
2016-12-13,37.6478,0.4570864408362407,37.56982857142857,38.266830000000006
2016-12-14,37.2921,-0.9448095240624954,37.52594285714286,38.121316666666665
2016-12-15,37.1506,-0.3794369316825863,37.4792,37.99187
2016-12-16,37.1271,-0.06325604431690612,37.44254285714286,37.876603333333335
2016-12-19,36.945,-0.4904773063341805,37.336214285714284,37.78129
2016-12-20,36.545,-1.0826904858573516,37.169157142857145,37.65564666666667
2016-12-21,36.5384,-0.018059926118485503,37.03514285714285,37.53035
2016-12-22,36.1526,-1.0558754625271005,36.82154285714286,37.41149
2016-12-23,36.2255,0.20164524819790142,36.669171428571424,37.273273333333336
2016-12-26,35.6034,-1.7172985880111957,36.448142857142855,37.152433333333335
2016-12-27,35.8987,0.8294151682142648,36.27265714285714,37.10633666666667
2016-12-28,36.0955,0.5482092666308391,36.1513,37.067276666666665
2016-12-29,36.3282,0.6446786995608855,36.12032857142857,37.04225
2016-12-30,36.6631,0.921873365594772,36.13814285714285,37.01620666666667
2017-01-02,36.945,0.7688929741347605,36.25134285714286,37.04717
2017-01-03,37.2804,0.9078359723913909,36.40204285714286,37.07833666666667
2017-01-04,37.3559,0.20251928627375015,36.6524,37.100319999999996
2017-01-05,37.6091,0.6778045770547525,36.896742857142854,37.12637666666667
2017-01-06,37.6588,0.1321488682260341,37.12007142857143,37.138086666666666
2017-01-09,37.8471,0.5000159325310394,37.33705714285714,37.14019
2017-01-10,38.0179,0.45128953076984946,37.5306,37.14256666666667
2017-01-11,38.2558,0.625757866689125,37.71785714285714,37.14398666666667
2017-01-12,38.1337,-0.31916728966588925,37.83975714285714,37.14272666666667
2017-01-13,38.1845,0.13321550229850043,37.958128571428574,37.16140666666667
2017-01-16,38.3745,0.49758409825975125,38.06747142857142,37.18724666666666
2017-01-17,38.5511,0.4602014358493278,38.194942857142856,37.22302333333334
2017-01-18,38.8508,0.7774097237173594,38.33832857142857,37.271926666666666
2017-01-19,38.9791,0.33023772998239664,38.47564285714286,37.31492
2017-01-20,38.6106,-0.9453784207434368,38.52632857142857,37.34479333333333
2017-01-23,38.7686,0.4092140500277175,38.61702857142858,37.387863333333335
2017-01-24,39.1981,1.1078553262175994,38.76182857142857,37.439539999999994
2017-01-25,39.3139,0.29542248221214873,38.89602857142857,37.506933333333336
2017-01-27,39.5765,0.6679571347538715,39.04251428571428,37.58779666666667
2017-01-30,39.3144,-0.6622616957032701,39.10874285714285,37.66070666666666
2017-01-31,39.1862,-0.32608916834544477,39.13832857142857,37.735413333333334
2017-02-01,39.5325,0.8837294761931513,39.27002857142857,37.83499666666667
2017-02-02,39.6138,0.20565357617150504,39.39077142857143,37.937509999999996
2017-02-03,40.3205,1.7839742715922258,39.551114285714284,38.07644
2017-02-06,40.7207,0.9925472154363124,39.75208571428572,38.226279999999996
2017-02-07,40.9243,0.4999914048628762,39.94462857142857,38.40364333333333
2017-02-08,40.9586,0.08381328452775616,40.17951428571428,38.57230666666667
2017-02-09,40.9909,0.07886011728917008,40.43732857142857,38.735486666666674
2017-02-10,41.2994,0.7526060662244483,40.68974285714286,38.90119333333333
2017-02-13,41.2657,-0.0815992484152206,40.92572857142857,39.05461333333333
2017-02-14,41.0917,-0.4216576963434471,41.035900000000005,39.19283666666667
2017-02-15,40.3628,-1.7738375389677263,40.984771428571435,39.295583333333326
2017-02-16,40.8238,1.1421407830973118,40.970414285714284,39.411179999999995
2017-02-17,40.8373,0.03306894507615343,40.95308571428571,39.518786666666664
2017-02-20,41.1251,0.7047478653094297,40.97225714285714,39.63433
2017-02-21,41.2254,0.24388998446203125,40.961685714285714,39.74694
2017-02-22,40.9946,-0.5598490251155885,40.922957142857136,39.84616333333334
2017-02-23,41.03,0.08635283671507565,40.914142857142856,39.93863666666666
2017-02-27,40.7685,-0.6373385327808845,40.972100000000005,40.02646333333334
2017-02-28,40.9008,0.32451525074503884,40.9831,40.11700666666666
2017-03-01,41.2422,0.8347024997066077,41.04094285714286,40.21259666666666
2017-03-02,40.7713,-1.1417916599987366,40.9904,40.28660333333333
2017-03-03,40.9417,0.4179410516711446,40.94987142857143,40.356300000000005
2017-03-06,40.9656,0.058375690310863426,40.94572857142857,40.42251666666667
2017-03-07,41.0703,0.25558029175698493,40.95148571428571,40.504506666666664
2017-03-08,41.0006,-0.16970901113457781,40.98464285714285,40.57890666666666
2017-03-09,41.0732,0.17707057945492988,41.009271428571424,40.64141
2017-03-10,40.9816,-0.22301646815928722,40.97204285714286,40.696999999999996
2017-03-14,41.304,0.7866945165635464,41.04814285714286,40.754583333333336
2017-03-15,41.3027,-0.0031473949254290368,41.099714285714285,40.82086
2017-03-16,41.8189,1.2497972287526027,41.22161428571429,40.90861666666667
2017-03-17,41.9777,0.3797326089399755,41.35124285714286,40.99012333333334
2017-03-20,42.24,0.6248555780807408,41.5283,41.07766333333334
2017-03-21,42.1456,-0.22348484848484507,41.68150000000001,41.1385
2017-03-22,42.0026,-0.339299950647276,41.82735714285714,41.18123
2017-03-23,42.1719,0.40307028612514006,41.951342857142855,41.22281666666667
2017-03-24,42.2284,0.13397546707640817,42.08358571428572,41.26514333333333
2017-03-27,42.2659,0.08880279622245357,42.147442857142856,41.30764333333333
2017-03-28,42.3497,0.19826858058149543,42.20058571428571,41.34265333333334
2017-03-29,42.3573,0.017945817798015185,42.21734285714286,41.37904
2017-03-30,42.691,0.7878216977947217,42.295257142857146,41.43235
2017-03-31,42.7884,0.2281511325572083,42.407514285714285,41.51320333333334
2017-04-03,43.2863,1.1636331342139261,42.56671428571429,41.59528666666667
2017-04-05,44.5942,3.021510269993044,42.90468571428572,41.72051666666667
2017-04-06,44.6978,0.23231720717042936,43.2521,41.83960666666667
2017-04-07,44.3425,-0.7948937084151786,43.53678571428572,41.943509999999996
2017-04-10,44.7075,0.8231380729548432,43.872528571428575,42.06727333333333
2017-04-11,45.0113,0.6795280433931516,44.204,42.199983333333336
2017-04-12,44.8462,-0.36679678214136535,44.49797142857143,42.335906666666666
2017-04-13,44.78,-0.14761562852594334,44.71135714285714,42.46521333333333
2017-04-17,44.9619,0.4062081286288599,44.76388571428571,42.58920333333333
2017-04-18,44.5612,-0.8911989929251241,44.74437142857143,42.71553333333334
2017-04-19,44.6032,0.09425239894795823,44.781614285714284,42.837583333333335
2017-04-20,45.0012,0.8923126591813935,44.82357142857143,42.97210333333333
2017-04-21,44.9958,-0.01199968000852314,44.821357142857146,43.10295333333333
2017-04-24,45.2712,0.6120571253316998,44.88207142857142,43.24530666666667
2017-04-25,45.2974,0.05787343830072622,44.95598571428572,43.386113333333334
2017-04-26,44.6934,-1.3334098645838566,44.91762857142857,43.509840000000004
2017-04-27,44.964,0.6054585240773847,44.975171428571436,43.631840000000004
2017-04-28,44.9968,0.07294724668625019,45.031400000000005,43.75497666666667
2017-05-02,44.8776,-0.2649077267716793,45.01374285714286,43.85693333333334
2017-05-03,44.8741,-0.007798991033391989,44.99635714285714,43.95348
2017-05-04,45.0697,0.4358861793328339,44.96757142857143,44.047803333333334
2017-05-05,44.9503,-0.26492299704679034,44.917985714285706,44.14129333333334
2017-05-08,45.2513,0.669628456317306,44.99768571428571,44.24958333333334
2017-05-09,45.4696,0.4824170797303129,45.06991428571428,44.35950666666667
2017-05-10,45.8331,0.7994352270528138,45.18938571428571,44.479663333333335
2017-05-11,45.5728,-0.5679301640081125,45.2887,44.58989333333333
2017-05-12,45.1186,-0.9966471228452067,45.32362857142857,44.68219
2017-05-15,45.6024,1.0722850443054543,45.39972857142857,44.79036
2017-05-16,45.686,0.18332368471833949,45.504828571428575,44.89019333333333
2017-05-17,45.8048,0.26003589721139697,45.58390000000001,44.990739999999995
2017-05-18,45.5892,-0.47069302780494704,45.60098571428572,45.06750333333333
2017-05-19,45.2431,-0.7591710317355838,45.5167,45.08913333333333
2017-05-22,44.866,-0.8334972625659964,45.41572857142857,45.09474
2017-05-23,44.0249,-1.874693531850391,45.25948571428571,45.08415333333333
2017-05-24,43.3484,-1.536630406883388,44.93748571428572,45.038850000000004
2017-05-25,44.2257,2.023834789750034,44.72887142857143,45.01266333333333
2017-05-26,44.8599,1.4340078280275836,44.59388571428571,45.013119999999994
2017-05-29,44.4295,-0.9594314744348686,44.42821428571428,45.00143666666667
2017-05-30,44.2141,-0.48481301837741686,44.281214285714285,44.97651
2017-05-31,44.5677,0.7997448777652405,44.238600000000005,44.976726666666664
2017-06-01,44.592,0.054523791894123264,44.31961428571429,44.976353333333336
2017-06-02,44.8693,0.6218604233943381,44.53688571428571,44.971956666666664
2017-06-05,45.12,0.5587339227489441,44.66464285714285,44.97609666666667
2017-06-06,44.8932,-0.5026595744680784,44.669399999999996,44.963496666666664
2017-06-07,45.2229,0.7344096656063837,44.78274285714286,44.961013333333334
2017-06-08,45.3666,0.31775936527731474,44.947385714285716,44.98345333333334
2017-06-09,45.3998,0.07318159174369843,45.06625714285714,44.99798
2017-06-12,45.6426,0.5348041180798235,45.21634285714286,45.019506666666665
2017-06-13,45.76,0.25721584659943453,45.343585714285716,45.048919999999995
2017-06-14,45.7899,0.06534090909091628,45.43928571428571,45.07944666666666
2017-06-15,46.1215,0.7241771657068297,45.61475714285714,45.114506666666664
2017-06-16,46.2799,0.34344069468685845,45.76575714285714,45.15882666666666
2017-06-19,46.4924,0.4591626170324714,45.92658571428571,45.20019666666666
2017-06-20,46.6247,0.2845626381946076,46.10157142857143,45.2387
2017-06-21,46.8016,0.37941262892844385,46.26714285714286,45.270983333333334
2017-06-22,46.9542,0.32605722881269283,46.43774285714286,45.31703
2017-06-23,46.4126,-1.1534644398158211,46.526700000000005,45.36016333333334
2017-06-27,46.0949,-0.6845123953409082,46.5229,45.37658
2017-06-28,45.7199,-0.8135390249246699,46.4429,45.37771
2017-06-29,46.1769,0.999564740955261,46.397828571428576,45.39011333333334
2017-06-30,46.3484,0.3713978201221657,46.358357142857145,45.415420000000005
2017-07-03,47.0864,1.5922879754209474,46.39904285714285,45.476863333333334
2017-07-04,47.3041,0.46234156784124014,46.44902857142857,45.55813333333333
2017-07-05,47.6057,0.6375768696582407,46.61947142857143,45.67749333333334
2017-07-06,47.6048,-0.001890529915538064,46.83517142857142,45.81937333333334
2017-07-07,47.6689,0.13465028736598939,47.1136,45.93414666666667
2017-07-10,47.7571,0.18502629597074716,47.33934285714286,46.030719999999995
2017-07-11,47.8999,0.29901313103182225,47.560985714285714,46.14639999999999
2017-07-12,47.981,0.1693114181866795,47.688785714285714,46.27196333333333
2017-07-13,48.2403,0.5404222504741485,47.82252857142857,46.39438333333333
2017-07-14,47.7904,-0.9326227241538754,47.84891428571428,46.500996666666666
2017-07-17,47.97,0.3758076935953758,47.90108571428571,46.60435333333333
2017-07-18,47.9429,-0.056493641859489685,47.94022857142858,46.698449999999994
2017-07-19,48.2322,0.6034261590350143,48.0081,46.80975
2017-07-20,48.4308,0.4117581200940412,48.08394285714285,46.91668
2017-07-21,48.2629,-0.34668021176605945,48.12421428571429,47.013223333333336
2017-07-24,48.2489,-0.02900778859123987,48.12544285714286,47.10819333333333
2017-07-25,48.2663,0.0360629983274352,48.193428571428576,47.19565
2017-07-26,48.4663,0.4143677887055608,48.26432857142857,47.28586
2017-07-27,48.1589,-0.6342551422328424,48.29518571428571,47.364826666666666
2017-07-28,48.5811,0.8766811534316465,48.34502857142858,47.44681333333334
2017-07-31,48.6537,0.14944083192847124,48.37687142857143,47.525940000000006
2017-08-01,48.8185,0.33872038508890867,48.456242857142854,47.603476666666666
2017-08-02,48.434,-0.7876112539303759,48.48268571428571,47.66378666666666
2017-08-03,48.0355,-0.8227691291241679,48.44971428571428,47.70491666666667
2017-08-04,48.1507,0.2398226311790319,48.404628571428574,47.744800000000005
2017-08-07,48.5716,0.87413059415542,48.46358571428571,47.816766666666666
2017-08-08,48.14,-0.8885850991114053,48.400571428571425,47.88493666666667
2017-08-09,47.6533,-1.011009555463227,48.25765714285715,47.94938333333334
2017-08-10,46.6004,-2.2095007061420757,47.94078571428571,47.963499999999996
2017-08-11,46.9331,0.71394236959339,47.72637142857143,47.98299
2017-08-14,47.737,1.712863629293615,47.683728571428574,48.00467666666666
2017-08-16,48.3225,1.2265119299495142,47.70827142857143,48.038623333333334
2017-08-17,48.7034,0.788245641264429,47.7271,48.07521333333333
2017-08-18,48.3833,-0.6572436421276584,47.761857142857146,48.10116333333333
2017-08-21,47.7179,-1.3752679126888823,47.77108571428572,48.10279666666667
2017-08-22,47.9154,0.4138908040798084,47.95894285714286,48.10807333333333
2017-08-23,48.1917,0.5766413303447404,48.13874285714286,48.1178
2017-08-24,48.248,0.11682509643777816,48.21174285714285,48.12670000000001
2017-08-28,48.5392,0.6035483336096936,48.2427,48.13666333333333
2017-08-29,48.1384,-0.8257243629890998,48.16198571428571,48.14826333333334
2017-08-30,48.4861,0.7222923902747036,48.176671428571424,48.16546666666667
2017-08-31,49.1482,1.3655460018438426,48.38099999999999,48.205643333333335
2017-09-01,49.6448,1.0104134027288714,48.628057142857145,48.25273
2017-09-04,49.5888,-0.11280134072449988,48.827642857142855,48.29133
2017-09-05,50.0883,1.007283902816769,49.09054285714286,48.352176666666665
2017-09-06,50.2949,0.4124715751982144,49.34135714285714,48.42037666666667
2017-09-07,50.479,0.3660410896532351,49.67572857142857,48.49413333333334
2017-09-08,50.5481,0.13688860714355933,49.9703,48.56352666666667
2017-09-11,50.7696,0.43819649007579287,50.201928571428574,48.65055
2017-09-12,51.0852,0.6216318426775169,50.40769999999999,48.73402
2017-09-13,50.6965,-0.7608857359861609,50.56594285714285,48.80211333333333
2017-09-14,51.3182,1.226317398636989,50.74164285714285,48.88543666666667
2017-09-15,51.7518,0.8449244127814337,50.949771428571424,48.996030000000005
2017-09-18,52.3804,1.2146437418601774,51.2214,49.140859999999996
2017-09-19,52.9686,1.122939114630661,51.56718571428571,49.30145666666667
2017-09-20,53.3602,0.7393059284179548,51.93727142857143,49.46107666666667
2017-09-21,53.3041,-0.1051345384762481,52.25425714285715,49.63321333333333
2017-09-22,51.5995,-3.197877836789287,52.38325714285714,49.76475333333333
2017-09-25,51.0501,-1.0647389994089096,52.34495714285715,49.91307666666667
2017-09-26,51.6784,1.2307517517105904,52.334471428571426,50.07125333333333
2017-09-27,50.832,-1.6378216043840377,52.11327142857143,50.174420000000005
2017-09-28,51.2362,0.7951683978596025,51.86578571428572,50.271543333333334
2017-09-29,51.961,1.414624816048038,51.6659,50.38013
2017-10-03,52.3213,0.6934046688862772,51.5255,50.51139666666667
2017-10-04,53.2395,1.754925814152175,51.75978571428572,50.69545
2017-10-05,53.4476,0.3908751960480572,52.10228571428571,50.87985666666667
2017-10-06,53.8125,0.6827247621969956,52.407157142857145,51.06721666666667
2017-10-09,53.9716,0.29565621370499784,52.85567142857143,51.258003333333335
2017-10-10,54.358,0.7159320827990978,53.30164285714286,51.45196333333333
2017-10-11,53.678,-1.2509658191986461,53.54692857142857,51.63661666666666
2017-10-12,53.9971,0.5944707328887189,53.78632857142857,51.82031666666667
2017-10-13,54.1717,0.32335069846343156,53.91949999999999,51.987766666666666
2017-10-16,54.2114,0.07328549777836368,54.02861428571429,52.139986666666665
2017-10-17,54.5388,0.6039320142995797,54.13237142857143,52.304986666666665
2017-10-18,54.4244,-0.2097589239220543,54.19705714285714,52.44952333333334
2017-10-23,54.3424,-0.15066771521596856,54.194828571428566,52.58444
2017-10-24,54.5146,0.31687963726299007,54.314342857142854,52.71896
2017-10-25,53.9848,-0.9718497430046269,54.31258571428572,52.83351666666667
2017-10-26,54.1288,0.2667417495294977,54.30645714285715,52.94549
2017-10-27,54.5232,0.7286324470522354,54.351,53.060089999999995
2017-10-30,55.0944,1.0476274319922485,54.43037142857143,53.20668666666667
2017-10-31,55.4171,0.5857219608526476,54.572185714285716,53.34331666666666
2017-11-01,55.8753,0.8268206023050784,54.79117142857143,53.48076666666667
2017-11-02,56.6875,1.4535939851777036,55.10158571428571,53.624336666666665
2017-11-03,57.5792,1.5730099228224992,55.615071428571426,53.77802333333333
2017-11-06,57.8698,0.5046961402728645,56.149499999999996,53.92834333333333
2017-11-07,57.5758,-0.508037007212736,56.58558571428572,54.07073333333334
2017-11-08,57.2373,-0.5879206194269182,56.89171428571428,54.25866
2017-11-09,58.0804,1.4729905149264644,57.27218571428572,54.493003333333334
2017-11-10,57.7898,-0.5003409067430575,57.54568571428571,54.69671666666667
2017-11-13,57.8186,0.049835784169527386,57.707271428571424,54.92960333333334
2017-11-14,57.9063,0.15168129287115306,57.754000000000005,55.151939999999996
2017-11-15,57.2689,-1.1007437878089221,57.66815714285714,55.32887
2017-11-16,58.0829,1.4213648245382737,57.74059999999999,55.520923333333336
2017-11-17,58.6486,0.9739527468497711,57.942214285714286,55.70122666666667
2017-11-20,59.2067,0.9515998676865145,58.103114285714284,55.89319666666667
2017-11-21,59.6667,0.7769390964198264,58.37124285714286,56.08833666666667
2017-11-22,60.0691,0.6744130310541774,58.69274285714285,56.29158666666667
2017-11-23,60.5408,0.7852623062439834,59.0691,56.497679999999995
2017-11-24,61.0875,0.9030273798826594,59.61461428571429,56.74466333333334
2017-11-27,61.2762,0.30890116635973186,60.070800000000006,56.987300000000005
2017-11-28,61.8321,0.9072037756910456,60.52558571428572,57.242646666666666
2017-11-29,61.933,0.1631838478719061,60.915057142857144,57.500033333333334
2017-11-30,61.9529,0.032131496940235316,61.24165714285714,57.74717
2017-12-01,61.4989,-0.7328147673474561,61.44591428571429,57.98298666666666
2017-12-04,61.3177,-0.294639416314757,61.5569,58.21549666666667
2017-12-05,61.5105,0.314427971042619,61.61732857142857,58.44869333333333
2017-12-06,61.4633,-0.0767348664049261,61.64405714285714,58.69797666666667
2017-12-07,61.9916,0.8595373173910348,61.66684285714286,58.96007
2017-12-08,62.8436,1.374379754676447,61.79692857142857,59.23741666666667
2017-12-11,63.6318,1.2542247738830836,62.036771428571434,59.52199666666666
2017-12-12,63.3879,-0.38329891657944426,62.306628571428575,59.787690000000005
2017-12-13,62.8065,-0.9172097513878819,62.51931428571429,60.01873
2017-12-14,62.7841,-0.03566509835765119,62.70125714285714,60.22195
2017-12-15,63.3238,0.8596125452144721,62.96704285714286,60.41343666666667
2017-12-18,63.8694,0.8616033781927213,63.235299999999995,60.61342333333334
2017-12-19,65.2296,2.1296583340379094,63.57615714285714,60.868550000000006
2017-12-20,65.8782,0.9943338607012686,63.89707142857143,61.15658
2017-12-21,66.4699,0.8981726883855234,64.33735714285714,61.43623
2017-12-22,66.208,-0.3940129291604144,64.82328571428572,61.71683666666666
2017-12-26,66.0961,-0.16901280811985053,65.29642857142856,61.99275333333333
2017-12-27,66.0456,-0.07640390280215792,65.68525714285714,62.26406333333333
2017-12-28,66.3183,0.4128965442058208,66.0351,62.565709999999996
2017-12-29,66.1565,-0.24397489079183154,66.16751428571429,62.83483
2018-01-01,66.1953,0.058648810018691044,66.21281428571429,63.08638666666666
2018-01-02,65.5915,-0.9121493519932744,66.08732857142857,63.299213333333334
2018-01-03,67.0627,2.2429735560248076,66.20942857142857,63.545746666666666
2018-01-04,67.8023,1.1028485283175238,66.45317142857142,63.803520000000006
2018-01-05,68.8684,1.5723655392221092,66.85642857142857,64.08110666666667
2018-01-08,69.0661,0.2870692509191697,67.24897142857142,64.34706
2018-01-09,68.6975,-0.5336916374313883,67.61197142857144,64.59443666666667
2018-01-10,68.6873,-0.014847701881448572,67.96797142857143,64.82294333333333
2018-01-11,68.7927,0.15344903643030872,68.42528571428572,65.0516
2018-01-12,68.8466,0.07835133669706895,68.68012857142857,65.28139
2018-01-15,69.0392,0.2797523770236898,68.85682857142857,65.53273333333333
2018-01-16,67.6438,-2.021170581350873,68.68188571428571,65.74360333333333
2018-01-17,67.8071,0.24141162974287145,68.50202857142857,65.95349
2018-01-18,66.4689,-1.9735396440785702,68.18365714285713,66.12034333333334
2018-01-19,67.0254,0.8372336536335068,67.94624285714286,66.28813666666666
2018-01-22,67.6775,0.9729147457530951,67.78692857142858,66.44926666666667
2018-01-23,67.2381,-0.6492556610394717,67.55714285714286,66.56947666666666
2018-01-24,66.4519,-1.1692775375865883,67.18752857142859,66.67161
2018-01-25,65.9743,-0.7187153414725422,66.94902857142857,66.77720333333333
2018-01-29,65.4636,-0.7740893044715924,66.61424285714286,66.86652
2018-01-30,65.2116,-0.3849467490330438,66.43462857142858,66.92944666666666
2018-01-31,64.872,-0.520766244042481,66.127,66.96286666666667
2018-02-01,64.6604,-0.3261807867801281,65.69598571428571,66.94389333333332
2018-02-02,62.5129,-3.321198136726644,65.02095714285714,66.83171666666667
2018-02-05,62.5391,0.04191134949744768,64.4619857142857,66.70069
2018-02-06,61.0687,-2.351169108605655,63.761185714285716,66.52938
2018-02-07,62.36,2.114503829293901,63.317814285714284,66.40484333333333
2018-02-08,63.7076,2.1610006414368277,63.102957142857136,66.32691
2018-02-09,63.9351,0.3571002517752886,62.96911428571429,66.24746999999999
2018-02-12,64.4738,0.842573171857075,62.942457142857144,66.19138
2018-02-14,64.5707,0.15029360763598731,63.23642857142857,66.13722666666666
2018-02-15,63.6826,-1.3753916249940046,63.39978571428572,66.07359666666666
2018-02-16,62.6723,-1.5864616080373595,63.62887142857143,65.92725
2018-02-19,61.7037,-1.5454993673441053,63.53511428571428,65.72396333333333
2018-02-20,61.855,0.24520409635078178,63.27045714285715,65.49018333333333
2018-02-21,61.8416,-0.021663568021978996,62.97138571428571,65.24936666666666
2018-02-22,61.7289,-0.18223978681016773,62.579257142857145,65.01708
2018-02-23,62.211,0.7809956114558814,62.242157142857145,64.80120333333333
2018-02-26,62.7988,0.9448489816913375,62.115899999999996,64.60140666666668
2018-02-27,62.4806,-0.5066975802085372,62.08851428571429,64.38920666666667
2018-02-28,62.2774,-0.32522094858243866,62.17047142857143,64.16381333333334
2018-03-01,62.2116,-0.10565630549767002,62.22141428571428,63.98274
2018-03-05,61.4179,-1.2758070842093683,62.16088571428572,63.76976666666667
2018-03-06,60.7648,-1.0633707762720657,62.023157142857144,63.579629999999995
2018-03-07,59.7924,-1.600268576544317,61.67764285714286,63.33853
2018-03-08,59.6107,-0.30388477465362884,61.2222,63.06963666666666
2018-03-09,59.6427,0.053681637692548634,60.81678571428571,62.816456666666674
2018-03-12,59.9923,0.5861572329891152,60.490342857142856,62.60113666666667
2018-03-13,60.5853,0.9884601857238273,60.25801428571429,62.421503333333334
2018-03-14,60.3817,-0.33605511567986746,60.109985714285706,62.25210666666667
2018-03-15,60.6964,0.521184398584329,60.10021428571429,62.1016
2018-03-16,60.1759,-0.857546740828119,60.154999999999994,61.94506333333334
2018-03-19,59.1931,-1.633211966916981,60.09534285714285,61.762820000000005
2018-03-20,59.0942,-0.1670802846953423,60.01698571428572,61.64886333333334
2018-03-21,59.2581,0.2773537842969409,59.9121,61.539496666666665
2018-03-22,58.3845,-1.4742288396016656,59.597699999999996,61.450023333333334
2018-03-23,57.8792,-0.8654694310990196,59.2402,61.30066333333333
2018-03-26,58.3483,0.8104811400295953,58.90475714285714,61.12202
2018-03-27,58.7848,0.7480937747972094,58.706028571428575,60.950343333333336
2018-03-28,58.0969,-1.1702004599828508,58.54942857142857,60.73778000000001
2018-04-02,59.6897,2.7416264895373077,58.6345,60.57507999999999
2018-04-03,60.3663,1.1335289002960325,58.79281428571428,60.46453666666667
2018-04-04,59.8079,-0.9250194230887243,58.99615714285714,60.369056666666665
2018-04-05,60.5934,1.3133716448830546,59.383900000000004,60.33204666666667
2018-04-06,61.0985,0.8335891367706738,59.776785714285715,60.30683
2018-04-09,61.559,0.7537009910226766,60.1731,60.297410000000006
2018-04-10,61.7781,0.3559187121298324,60.69898571428571,60.29905
2018-04-11,61.6102,-0.27177915798640706,60.97334285714286,60.279023333333335
2018-04-12,61.7648,0.25093247546672526,61.17312857142857,60.24455666666667
2018-04-13,61.5831,-0.2941805041059009,61.42672857142857,60.21464
2018-04-16,61.9447,0.5871740786027368,61.619771428571426,60.20354999999999
2018-04-17,61.8273,-0.189523881784881,61.723885714285714,60.190740000000005
2018-04-18,61.6812,-0.23630338054548838,61.741342857142854,60.19951666666667
2018-04-19,62.0316,0.5680823330285412,61.77755714285714,60.24174333333333
2018-04-20,62.0067,-0.040140831447188496,61.834199999999996,60.315553333333334
2018-04-23,62.337,0.5326843712050389,61.91594285714286,60.40643
2018-04-24,62.5241,0.30014277235028697,62.05037142857143,60.50247666666667
2018-04-25,62.5142,-0.015833894450290042,62.131728571428575,60.58654
2018-04-26,63.2641,1.199567458273476,62.33698571428572,60.67583333333334
2018-04-27,63.0954,-0.2666599224520727,62.53901428571429,60.76629
2018-04-30,62.9323,-0.2584974498933357,62.66768571428571,60.84082
2018-05-02,62.4199,-0.8142082841402609,62.726714285714294,60.91562
2018-05-03,61.9566,-0.7422312435617417,62.672371428571424,61.007736666666666
2018-05-04,61.5548,-0.648518479064375,62.5339,61.089756666666666
2018-05-07,62.362,1.3113518360875265,62.51215714285714,61.19322
2018-05-08,62.3405,-0.034476123280202664,62.38021428571428,61.32508666666667
2018-05-09,62.7255,0.6175760540900299,62.32737142857143,61.48663
2018-05-10,62.18,-0.8696622585710689,62.2199,61.61435333333334
2018-05-11,62.0221,-0.2539401736892821,62.16307142857142,61.72226333333333
2018-05-14,61.1396,-1.4228799089356814,62.04635714285714,61.82368666666666
2018-05-15,61.1301,-0.015538210914045614,61.985685714285715,61.871700000000004
2018-05-16,60.6782,-0.7392430243039039,61.74514285714285,61.88209666666667
2018-05-17,61.0749,0.653776809463702,61.564342857142854,61.924330000000005
2018-05-18,60.8312,-0.3990182546348753,61.293728571428574,61.93225666666667
2018-05-21,59.7326,-1.805981141256463,60.9441,61.88672666666667
2018-05-22,59.7925,0.10028024897625887,60.62558571428571,61.82784333333334
2018-05-23,59.3398,-0.7571183676882587,60.368471428571425,61.746566666666666
2018-05-24,59.2931,-0.07869928783041935,60.10604285714286,61.669329999999995
2018-05-25,59.255,-0.06425705520540781,59.902728571428575,61.58567
2018-05-28,59.7938,0.9092903552442744,59.71971428571429,61.52602666666667
2018-05-29,59.4956,-0.49871391348266236,59.528914285714286,61.44439
2018-05-30,59.6359,0.2358157578039366,59.515100000000004,61.37134333333333
2018-05-31,58.995,-1.0746882330945007,59.40117142857144,61.28180333333333
2018-06-01,57.8765,-1.8959233833375722,59.19212857142857,61.1433
2018-06-04,56.5065,-2.367109275785506,58.79404285714286,60.95996
2018-06-05,55.1442,-2.410873085397258,58.20678571428572,60.7202
2018-06-06,55.91,1.3887226580492573,57.65195714285714,60.49973
2018-06-07,57.0031,1.9551064210338254,57.29588571428571,60.316026666666666
2018-06-08,57.0448,0.07315391619051592,56.92572857142857,60.10871666666666
2018-06-11,57.3946,0.6132022550696892,56.69709999999999,59.91869
2018-06-12,57.4404,0.07979844793761792,56.6348,59.73562666666667
2018-06-13,57.2522,-0.3276439579111501,56.741328571428575,59.56337
2018-06-14,57.4387,0.32575167417145945,57.069114285714285,59.412773333333334
2018-06-15,57.0672,-0.6467764764870987,57.23442857142857,59.26318666666666
2018-06-18,56.868,-0.34906215829758613,57.21512857142857,59.08005333333333
2018-06-19,56.0586,-1.4232960540198403,57.074242857142856,58.87065666666667
2018-06-20,55.9644,-0.1680384454838313,56.86992857142857,58.64528666666667
2018-06-21,55.5814,-0.6843636311655188,56.60435714285715,58.425333333333334
2018-06-22,55.5548,-0.047857736580947385,56.361871428571426,58.209756666666664
2018-06-25,55.0055,-0.9887534470468862,56.014271428571426,58.00528666666666
2018-06-26,54.6316,-0.6797502067975025,55.666328571428565,57.78867
2018-06-27,53.7015,-1.7024945269770497,55.213971428571426,57.55611333333333
2018-06-28,53.2372,-0.8645940988613043,54.81091428571428,57.29485666666667
2018-06-29,54.0638,1.552673694334028,54.5394,57.06927666666666
2018-07-02,53.9029,-0.2976113406752745,54.29961428571429,56.87495333333333
2018-07-03,53.973,0.13004866157477757,54.07364285714285,56.680969999999995
2018-07-04,54.162,0.35017508754378035,53.95314285714286,56.50837666666666
2018-07-05,53.9747,-0.34581440862597734,53.859300000000005,56.33109666666667
2018-07-06,54.1996,0.41667670223271003,53.93045714285714,56.16258333333334
2018-07-09,54.8668,1.2310053948737743,54.16325714285714,55.99835
2018-07-10,54.9768,0.2004855395248084,54.29368571428572,55.847723333333334
2018-07-11,55.0134,0.06657353647356867,54.452328571428566,55.69364
2018-07-12,54.9257,-0.1594157059916279,54.58842857142857,55.55799666666667
2018-07-13,54.7351,-0.3470142392359099,54.6703,55.453283333333324
2018-07-16,53.8182,-1.6751590843900988,54.64794285714286,55.363673333333324
2018-07-17,53.9208,0.19064182748587122,54.60811428571429,55.32289333333333
2018-07-18,53.3584,-1.0430112312873607,54.392628571428574,55.23784
2018-07-19,53.0648,-0.5502413865483335,54.11948571428571,55.106563333333334
2018-07-20,53.1279,0.11891121798253135,53.85012857142857,54.976
2018-07-23,53.4957,0.6922916207868335,53.64584285714285,54.84603666666667
2018-07-24,54.2935,1.4913348175647823,53.58275714285714,54.74114
2018-07-25,54.3981,0.1926565795168811,53.6656,54.646003333333326
2018-07-26,54.6171,0.4025875903753917,53.76507142857143,54.551950000000005
2018-07-27,55.8532,2.263210606202093,54.12147142857143,54.51148333333333
2018-07-30,56.2737,0.7528664427463472,54.579885714285716,54.49167333333334
2018-07-31,56.6181,0.6120088069559992,55.07848571428571,54.51032333333333
2018-08-01,57.0216,0.7126696233183294,55.58218571428571,54.545563333333334
2018-08-02,57.2162,0.3412741838180633,55.99971428571428,54.60005666666667
2018-08-03,57.7594,0.9493814688846802,56.4799,54.673543333333335
2018-08-06,58.7914,1.7867221612412942,57.076228571428565,54.79974000000001
2018-08-07,58.9834,0.3265783771095876,57.523399999999995,54.944799999999994
2018-08-08,59.0029,0.03306014912669575,57.91328571428571,55.12151333333333
2018-08-09,58.7543,-0.42133522250600297,58.21845714285714,55.305416666666666
2018-08-10,58.6551,-0.168838706273422,58.45181428571429,55.458459999999995
2018-08-13,58.2451,-0.6990014508542197,58.5988,55.6032
2018-08-14,58.0781,-0.2867193978549287,58.64432857142857,55.74003666666667
2018-08-16,58.388,0.5335918358210678,58.5867,55.880903333333336
2018-08-17,58.7555,0.6294101527711149,58.55414285714286,56.040263333333336
2018-08-20,58.7597,0.007148266970768979,58.519400000000005,56.19226666666666
2018-08-21,58.8857,0.2144326809020436,58.53817142857143,56.326229999999995
2018-08-23,59.031,0.24674921075915623,58.59187142857143,56.461369999999995
2018-08-24,58.8617,-0.286798461825144,58.67995714285714,56.58964666666667
2018-08-27,59.3442,0.8197180849346841,58.86082857142857,56.73693
2018-08-28,59.5545,0.35437330017085156,59.027471428571424,56.897576666666666
2018-08-29,59.4907,-0.10712876440907015,59.1325,57.08666000000001
2018-08-30,59.5719,0.13649192226685702,59.248528571428565,57.27503
2018-08-31,60.1287,0.9346688623327548,59.4261,57.500706666666666
2018-09-03,59.8974,-0.3846748723987159,59.54987142857142,57.728460000000005
2018-09-04,58.889,-1.6835455295221458,59.55377142857143,57.920496666666665
2018-09-05,58.6949,-0.3296031516921816,59.461014285714285,58.09380333333333
2018-09-06,59.2383,0.9258044566052614,59.415842857142856,58.258630000000004
2018-09-07,59.3814,0.24156668911834434,59.40022857142857,58.42474000000001
2018-09-10,58.943,-0.7382783161057227,59.310385714285715,58.568936666666666
2018-09-11,58.317,-1.0620429906859075,59.05157142857143,58.65106333333334
2018-09-12,58.2059,-0.19051048579316054,58.80992857142858,58.715469999999996
2018-09-14,58.7983,1.0177662401921417,58.79697142857143,58.78814333333333
2018-09-17,58.5504,-0.42161082888449997,58.77632857142857,58.839103333333334
2018-09-18,58.0036,-0.933896267147627,58.599942857142864,58.86535
2018-09-19,57.5821,-0.7266790337151496,58.3429,58.85943999999999
2018-09-21,56.4467,-1.9717933177150537,57.986285714285714,58.781283333333334
2018-09-24,55.2821,-2.0631852703523856,57.55272857142857,58.65790666666667
2018-09-25,54.8274,-0.8225085515926489,57.07008571428571,58.51872333333334
2018-09-26,55.1202,0.534039549568277,56.544642857142854,58.39758666666667
2018-09-27,54.4466,-1.222056523742654,55.95838571428571,58.25730333333333
2018-09-28,53.3171,-2.0745097030852144,55.28888571428571,58.09303666666666
2018-10-01,52.883,-0.8141853176560576,54.61758571428572,57.919866666666664
2018-10-03,52.9192,0.06845300001889765,54.11365714285714,57.73757333333333
2018-10-04,51.9575,-1.8172988253790545,53.638714285714286,57.51097333333333
2018-10-05,51.0967,-1.6567386806524698,53.10575714285714,57.25554
2018-10-08,50.3191,-1.521820391532136,52.41988571428571,56.969986666666664
2018-10-09,49.9984,-0.6373325437060706,51.78442857142857,56.6689
2018-10-10,51.6901,3.3835082722647236,51.55200000000001,56.42984666666666
2018-10-11,51.0028,-1.3296550016347441,51.28339999999999,56.151799999999994
2018-10-12,51.7944,1.5520716509681787,51.12271428571428,55.89313
2018-10-15,52.1697,0.7245957091886357,51.15302857142858,55.649096666666665
2018-10-16,52.7174,1.0498431081643167,51.38455714285715,55.420613333333336
2018-10-17,51.9801,-1.398589460026478,51.62184285714286,55.14899333333334
2018-10-19,51.425,-1.067908680437324,51.82564285714285,54.86658
2018-10-22,50.7772,-1.2596985901798696,51.69522857142857,54.59618666666667
2018-10-23,50.1667,-1.2023112735637276,51.575785714285715,54.31191333333334
2018-10-24,50.3952,0.4554814249292827,51.3759,54.01714333333333
2018-10-25,50.251,-0.2861383623837255,51.10179999999999,53.71279666666666
2018-10-26,50.3325,0.16218582714773166,50.7611,53.425779999999996
2018-10-29,50.9297,1.186509710425665,50.611042857142856,53.179536666666664
2018-10-30,51.4475,1.0166955627070262,50.61425714285714,52.954256666666666
2018-10-31,51.8851,0.8505758297293387,50.772528571428566,52.72381666666667
2018-11-01,52.0587,0.3345854590238728,51.04281428571428,52.50742666666667
2018-11-02,52.5668,0.9760136153995402,51.35304285714285,52.3262
2018-11-05,52.4327,-0.2551039819810308,51.66471428571429,52.154553333333325
2018-11-06,52.3747,-0.11061799220715152,51.95645714285714,52.01882
2018-11-09,53.0344,1.259577620492336,52.25712857142857,51.94389666666667
2018-11-12,52.6627,-0.700865853106658,52.430728571428574,51.87174
2018-11-13,52.6014,-0.11640117198701283,52.533057142857146,51.78778
2018-11-14,52.847,0.46690772488946486,52.645671428571426,51.734460000000006
2018-11-15,52.6406,-0.3905614320585893,52.656214285714285,51.71191
2018-11-16,52.5647,-0.14418528664186248,52.67507142857143,51.701299999999996
2018-11-19,53.029,0.8832923996522357,52.768542857142855,51.70496
2018-11-20,52.7118,-0.5981632691546279,52.722457142857145,51.73010333333333
2018-11-21,52.6805,-0.05937949377557983,52.725,51.782896666666666
2018-11-22,52.5867,-0.17805449834379372,52.722899999999996,51.85848333333333
2018-11-26,52.3692,-0.41360267900438785,52.65464285714285,51.93751
2018-11-27,52.3787,0.01814043369003926,52.617228571428576,51.96046333333334
2018-11-28,52.4448,0.126196335533324,52.6001,52.00853
2018-11-29,52.4969,0.0993425468301723,52.52408571428571,52.03194666666666
2018-11-30,52.7422,0.46726568616433095,52.52842857142857,52.05103
2018-12-03,52.7747,0.061620486062397006,52.54188571428572,52.05294
2018-12-04,52.9458,0.32420838015183584,52.59318571428572,52.08513
2018-12-05,52.5267,-0.7915642033929027,52.61568571428571,52.121853333333334
2018-12-06,51.9051,-1.183398157508464,52.54802857142857,52.15945
2018-12-07,52.0078,0.1978610965011285,52.4856,52.220819999999996
2018-12-10,51.301,-1.3590269151934953,52.31475714285715,52.25101333333334
2018-12-11,51.6933,0.7647024424475068,52.16491428571429,52.29909
2018-12-12,52.6722,1.8936690054610406,52.15027142857143,52.37708
2018-12-13,53.0474,0.7123302235334972,52.16478571428571,52.44767
2018-12-14,53.0898,0.07992851676046353,52.24522857142857,52.50241333333334
2018-12-17,53.2949,0.38632656367136864,52.44377142857143,52.54940666666666
2018-12-18,53.4937,0.3730188066775497,52.65604285714285,52.59723999999999
2018-12-19,54.0589,1.056573017009499,53.05002857142857,52.64697666666666
2018-12-20,54.1591,0.18535338306922,53.40228571428571,52.704523333333334
2018-12-21,53.5026,-1.2121693307311276,53.52091428571429,52.74212
2018-12-24,52.8045,-1.3047964024178293,53.48621428571429,52.73445666666667
2018-12-26,52.817,0.02367222490506915,53.447242857142854,52.7396
2018-12-27,53.0365,0.4155858909063337,53.41032857142857,52.75410333333333
2018-12-28,53.5178,0.9074882392314798,53.41377142857143,52.77646333333333
2018-12-31,53.8265,0.5768174327046349,53.38057142857143,52.81599333333333
2019-01-01,53.818,-0.015791478175253282,53.33184285714286,52.857769999999995
2019-01-02,53.7148,-0.1917574045858239,53.362157142857136,52.880630000000004
2019-01-03,53.5067,-0.3874165034590038,53.462471428571426,52.90712666666666
2019-01-04,53.3289,-0.3322948341048959,53.535599999999995,52.92874
2019-01-07,53.4187,0.16838899733540025,53.590199999999996,52.95647333333333
2019-01-08,53.2516,-0.3128118056036522,53.552171428571434,52.985886666666666
2019-01-09,53.2998,0.09051371226402871,53.476928571428566,53.016589999999994
2019-01-10,53.2423,-0.10788032975732609,53.39468571428571,53.043173333333336
2019-01-11,53.1862,-0.10536734889364796,53.31917142857144,53.06615
2019-01-14,53.1547,-0.05922588942244289,53.268885714285716,53.079899999999995
2019-01-15,53.2756,0.2274493130428601,53.26127142857143,53.09659666666666
2019-01-16,53.2055,-0.13157993527993517,53.23081428571429,53.10525333333333
2019-01-17,53.1674,-0.07160913815300596,53.218785714285715,53.12661
2019-01-18,53.071,-0.18131411353574656,53.1861,53.16547333333333
2019-01-21,52.858,-0.4013491360630117,53.13119999999999,53.19381333333334
2019-01-22,52.5351,-0.6108819856975201,53.03818571428571,53.23495
2019-01-23,52.2713,-0.5021404737023505,52.91198571428571,53.25421666666667
2019-01-24,52.2905,0.03673143771056875,52.771257142857145,53.24149333333333
2019-01-25,51.8002,-0.937646417609328,52.5705,53.19992
2019-01-28,51.0862,-1.37837305647468,52.27318571428571,53.13313333333333
2019-01-29,51.0547,-0.06166048756807152,51.98514285714286,53.05846
2019-01-30,51.0055,-0.09636722965760125,51.7205,52.975519999999996
2019-01-31,51.3507,0.6767897579672999,51.551300000000005,52.885246666666674
2019-02-01,51.2972,-0.10418553203754843,51.412142857142854,52.78985
2019-02-04,51.0358,-0.509579470224486,51.232899999999994,52.70762333333333
2019-02-05,50.7151,-0.6283824295886475,51.07788571428572,52.63797666666667
2019-02-06,50.5395,-0.3462479616524572,50.999785714285714,52.562059999999995
2019-02-07,50.8924,0.6982657129572134,50.9766,52.490590000000005
2019-02-08,50.5532,-0.6665042324590753,50.91198571428571,52.391769999999994
2019-02-11,50.1417,-0.8139939707080823,50.73927142857143,52.26894333333334
2019-02-12,49.9865,-0.30952281234980505,50.55202857142857,52.14122666666667
2019-02-13,49.9159,-0.14123813429626209,50.39204285714286,52.01459666666666
2019-02-14,50.0246,0.2177662828878102,50.293400000000005,51.89852666666666
2019-02-15,49.8363,-0.3764148039164694,50.19294285714286,51.782106666666664
2019-02-18,49.7231,-0.22714366837024436,50.0259,51.65892
2019-02-19,50.1932,0.9454358235910343,49.97447142857143,51.55697333333333
2019-02-20,50.5134,0.6379350190862443,50.02757142857143,51.46409333333334
2019-02-21,50.8863,0.7382199574766268,50.15611428571429,51.38555999999999
2019-02-22,51.1164,0.4521845762022414,50.32761428571428,51.31656666666667
2019-02-25,51.1544,0.07434013349922886,50.48901428571428,51.24989
2019-02-26,50.9392,-0.4206871745148111,50.64657142857142,51.17201
2019-02-27,50.6695,-0.5294547224926949,50.781771428571425,51.08747666666667
2019-02-28,50.7717,0.20169924708157705,50.86441428571429,51.007619999999996
2019-03-01,51.4418,1.3198297476743948,50.99704285714286,50.953313333333334
2019-03-05,52.7007,2.447231628753266,51.25624285714286,50.948069999999994
2019-03-06,53.2436,1.030157094687545,51.56012857142857,50.97168666666666
2019-03-07,53.7052,0.8669586579419741,51.924528571428574,51.01948333333333
2019-03-08,53.9401,0.43738781347058,52.35322857142857,51.074470000000005
2019-03-11,54.7406,1.4840536076128785,52.93481428571429,51.172483333333325
2019-03-12,55.2773,0.9804423042494959,53.578471428571426,51.31218666666667
2019-03-13,55.1959,-0.1472575541858867,54.11477142857143,51.45022666666667
2019-03-14,55.0181,-0.32212537525433405,54.44582857142857,51.583980000000004
2019-03-15,54.8323,-0.337707045499569,54.672785714285716,51.70003333333333
2019-03-18,54.8356,0.006018350497805081,54.83427142857143,51.81798
2019-03-19,55.1238,0.5255709794367291,55.00337142857143,51.95424666666667
2019-03-20,54.7637,-0.6532568509427961,55.00667142857143,52.0892
2019-03-22,54.6498,-0.20798448607380893,54.91702857142858,52.22621
2019-03-25,54.0256,-1.1421816731259749,54.749842857142845,52.33065
2019-03-26,54.4065,0.7050361310193765,54.662471428571436,52.459093333333335
2019-03-27,54.46,0.09833383878763424,54.60928571428571,52.60303666666666
2019-03-28,54.7581,0.5473742196107301,54.598214285714285,52.76208999999999
2019-03-29,55.663,1.6525409026244553,54.67524285714286,52.95366
2019-04-01,56.1772,0.9237734222014682,54.87717142857143,53.158746666666666
2019-04-02,56.0011,-0.31347236957341984,55.07021428571429,53.36424
2019-04-03,55.6601,-0.6089166105665789,55.30371428571429,53.56214
2019-04-04,55.6447,-0.027667934480890555,55.480599999999995,53.743856666666666
2019-04-05,56.0191,0.6728403603577737,55.70332857142857,53.92738
2019-04-08,55.8828,-0.2433098710975301,55.864,54.09393
2019-04-09,55.6612,-0.39654419606748315,55.86374285714286,54.24542333333333
2019-04-10,55.6388,-0.04024347301171405,55.78682857142858,54.39490333333333
2019-04-11,55.7987,0.2873893757593393,55.757914285714286,54.556886666666664
2019-04-12,55.9226,0.22204818391826642,55.79541428571429,54.73199
2019-04-15,56.1536,0.4130709230257379,55.868114285714285,54.911386666666665
2019-04-16,56.1267,-0.04790431958057173,55.88348571428572,55.06755
2019-04-18,55.7232,-0.7189091822608518,55.86068571428571,55.16830000000001
2019-04-22,54.9458,-1.395110115714815,55.75848571428571,55.22504000000001
2019-04-23,55.0555,0.19965129272847548,55.67515714285714,55.27005
2019-04-24,55.2723,0.3937844538692836,55.59995714285714,55.314456666666665
2019-04-25,55.3592,0.15722161010125468,55.51947142857143,55.335076666666666
2019-04-26,55.3187,-0.07315857165566264,55.4002,55.33645666666666
2019-04-30,55.083,-0.42607653469803886,55.2511,55.33269333333333
2019-05-02,55.0024,-0.14632463736542478,55.14812857142857,55.33217
2019-05-03,54.897,-0.19162800168720517,55.14115714285714,55.33432666666667
2019-05-06,54.4976,-0.7275443102537471,55.061457142857144,55.323060000000005
2019-05-07,54.3424,-0.28478318311264683,54.92861428571429,55.29701333333333
2019-05-08,53.8583,-0.8908329407607996,54.7142,55.26683333333334
2019-05-09,53.7084,-0.27832293258420737,54.48415714285714,55.23545333333334
2019-05-10,53.706,-0.004468574748073273,54.28744285714286,55.224799999999995
2019-05-13,52.8389,-1.6145309648828765,53.978371428571435,55.17254666666667
2019-05-14,53.1004,0.4949005372935522,53.72171428571429,55.127226666666665
2019-05-15,53.0303,-0.13201407145709831,53.5121,55.06963333333333
2019-05-16,52.9338,-0.18197143896979684,53.310871428571424,54.97866
2019-05-17,53.073,0.26296997381636267,53.198685714285716,54.875186666666664
2019-05-20,54.4867,2.6636896350309858,53.309871428571434,54.824706666666664
2019-05-21,54.0838,-0.7394465071292711,53.363842857142856,54.77216333333333
2019-05-22,54.0958,0.02218779005913607,53.5434,54.720533333333336
2019-05-23,53.9873,-0.20057009971199413,53.6701,54.652806666666656
2019-05-24,54.9948,1.8661796385446294,53.950742857142856,54.62320666666667
2019-05-27,55.9036,1.6525198746063285,54.375,54.63128666666667
2019-05-28,56.5415,1.141071415794337,54.87049999999999,54.66137666666667
2019-05-29,56.3573,-0.3257784105479944,55.13772857142857,54.67999666666667
2019-05-30,56.1882,-0.30004986044398496,55.438357142857136,54.688849999999995
2019-05-31,56.4804,0.5200380150992556,55.77901428571429,54.69974333333334
2019-06-03,56.7417,0.46263836658380075,56.1725,54.720243333333336
2019-06-04,56.7067,-0.06168303029342459,56.41705714285714,54.75302666666666
2019-06-06,56.1253,-1.0252756728922563,56.44872857142857,54.79234333333333
2019-06-07,56.094,-0.055768076072648665,56.384800000000006,54.82696
2019-06-10,55.7431,-0.6255571005811755,56.29705714285715,54.84265333333333
2019-06-11,55.677,-0.11857969865328721,56.224028571428576,54.85324666666667
2019-06-12,55.6663,-0.019217989475006636,56.107728571428574,54.86483333333333
2019-06-13,55.3583,-0.5532970576452856,55.9101,54.87401
2019-06-14,55.2265,-0.23808534582889784,55.69864285714285,54.88148
2019-06-17,54.651,-1.0420721936027055,55.48802857142857,54.87328
2019-06-18,54.3588,-0.534665422407643,55.24014285714286,54.868653333333334
2019-06-19,54.0946,-0.4860298608505009,55.00464285714286,54.860393333333334
2019-06-20,54.4507,0.6582912157590659,54.829457142857144,54.880140000000004
2019-06-21,54.4826,0.05858510542564588,54.660357142857144,54.90594666666666
2019-06-24,54.1894,-0.5381534655100828,54.49337142857143,54.92206
2019-06-25,54.4957,0.5652396963243822,54.38897142857142,54.97728666666667
2019-06-26,54.9657,0.8624533678804003,54.433928571428574,55.03946333333333
2019-06-27,55.097,0.2388762446398518,54.53938571428571,55.10835333333333
2019-06-28,55.224,0.23050256819789894,54.70072857142856,55.184693333333335
2019-07-01,55.3031,0.14323482543823207,54.8225,55.25903
2019-07-02,55.456,0.27647636389280805,54.961557142857146,55.29134
2019-07-03,55.3738,-0.1482256203116039,55.13075714285714,55.33434
2019-07-04,55.4699,0.1735477789134965,55.26992857142857,55.380143333333336
2019-07-05,54.8561,-1.1065460727349485,55.25427142857143,55.409103333333334
2019-07-08,54.1644,-1.2609354292412278,55.12104285714286,55.38142333333334
2019-07-09,54.0836,-0.1491754731890338,54.958128571428574,55.32075666666667
2019-07-10,53.8443,-0.4424631496424025,54.74972857142858,55.230850000000004
2019-07-11,54.0984,0.4719162474022376,54.55578571428571,55.15555333333334
2019-07-12,54.2785,0.3329118790943886,54.39931428571429,55.09189666666667
2019-07-15,54.1461,-0.24392715347698601,54.21019999999999,55.014086666666664
2019-07-16,54.0856,-0.11173473251073762,54.10012857142857,54.92555
2019-07-17,54.319,0.43153815433314424,54.122214285714286,54.84596
2019-07-18,54.0147,-0.5602091349251714,54.11237142857143,54.77560666666667
2019-07-19,53.4029,-1.1326546292027784,54.04931428571429,54.685903333333336
2019-07-22,53.024,-0.7095120302455515,53.895828571428574,54.59526666666667
2019-07-23,53.155,0.24705793602897153,53.73532857142857,54.5112
2019-07-24,52.7374,-0.7856269400808968,53.534085714285716,54.41357000000001
2019-07-25,52.5207,-0.4109038367458462,53.31052857142857,54.318983333333335
2019-07-26,52.5686,0.09120213553894807,53.060471428571425,54.23038666666666
2019-07-29,52.1616,-0.7742264393573395,52.795742857142855,54.14740666666667
2019-07-30,51.466,-1.3335480506732944,52.51904285714286,54.050979999999996
2019-07-31,51.9017,0.8465783235534152,52.35871428571428,53.97788333333334
2019-08-01,51.3082,-1.1435078234431573,52.094885714285724,53.873133333333335
2019-08-02,51.0349,-0.532663394934918,51.85167142857143,53.75821
2019-08-05,50.5861,-0.8793982157307978,51.575300000000006,53.638099999999994
2019-08-06,51.0319,0.881269755921088,51.35577142857143,53.52264
2019-08-07,51.1681,0.26689188527175833,51.21384285714286,53.396053333333334
2019-08-08,51.2595,0.17862691794301444,51.18434285714285,53.26813666666667
2019-08-09,51.6177,0.6987972961109534,51.143771428571426,53.14792666666667
2019-08-13,51.0979,-1.0070189101800242,51.113728571428574,53.00775333333333
2019-08-14,51.7299,1.2368414357537105,51.21301428571428,52.88355000000001
2019-08-16,52.0211,0.5629239569378663,51.418014285714285,52.771793333333335
2019-08-19,51.9983,-0.043828369642306964,51.55607142857143,52.65607333333333
2019-08-20,51.9247,-0.14154308890866885,51.66415714285715,52.55836
2019-08-21,51.522,-0.775546127372917,51.701657142857144,52.47028
2019-08-22,51.038,-0.9394045262218098,51.61884285714286,52.368759999999995
2019-08-23,51.3091,0.5311728516007808,51.64901428571428,52.28425333333333
2019-08-26,52.0341,1.4130047106653665,51.69247142857142,52.21544333333334
2019-08-27,52.5731,1.0358591769627834,51.77132857142857,52.15859666666667
2019-08-28,52.4938,-0.15083759565251986,51.84211428571429,52.10352
2019-08-29,52.0987,-0.7526603141704391,51.866971428571425,52.03729
2019-08-30,52.3752,0.5307234153635321,51.988857142857135,51.972496666666665
2019-09-03,51.9742,-0.7656295345888853,52.1226,51.90448000000001
2019-09-04,52.1216,0.28360224880805696,52.23867142857142,51.86177
2019-09-05,52.2783,0.3006431114931152,52.27355714285714,51.836913333333335
2019-09-06,52.6455,0.7023946838363049,52.2839,51.81993
2019-09-09,52.9366,0.5529437463790865,52.34715714285715,51.82657
2019-09-11,53.7478,1.5323991340584708,52.58274285714286,51.86747333333333
2019-09-12,53.6476,-0.1864262351203183,52.76451428571429,51.90344
2019-09-13,53.6012,-0.08649035557973805,52.99694285714286,51.95142666666666
2019-09-16,53.814,0.3970060371782713,53.23871428571429,52.029693333333334
2019-09-17,53.1853,-1.1682833463411035,53.36828571428572,52.07248
2019-09-18,53.1334,-0.0975833547991578,53.437985714285716,52.13332
2019-09-19,52.7845,-0.6566491133637276,53.41625714285714,52.19164000000001
2019-09-20,54.447,3.1495988405687347,53.51614285714286,52.32033666666667
2019-09-23,56.3502,3.495509394456997,53.90222857142857,52.497613333333334
2019-09-24,56.4498,0.17675181277085894,54.309171428571425,52.67367
2019-09-25,55.9413,-0.9008003571314815,54.61307142857144,52.82973
2019-09-26,56.3859,0.7947616519458744,55.070299999999996,52.98866999999999
2019-09-27,56.3843,-0.0028375888298293184,55.53471428571429,53.164883333333336
2019-09-30,56.147,-0.4208618356528415,56.01507142857143,53.31212
2019-10-01,55.6556,-0.8752025931928697,56.18772857142857,53.43327
2019-10-03,55.399,-0.46104974162527457,56.05184285714285,53.54662666666666
2019-10-04,54.9464,-0.8169822559974116,55.837071428571434,53.647349999999996
2019-10-07,54.8053,-0.2567957136409227,55.67478571428571,53.756793333333334
2019-10-09,55.0566,0.45853229523422634,55.48488571428572,53.89074666666667
2019-10-10,54.7665,-0.5269123047918045,55.25377142857143,54.005993333333336
2019-10-11,54.8222,0.10170450914337437,55.06451428571428,54.09893
2019-10-14,54.9658,0.2619376821798358,54.96597142857143,54.178686666666664
2019-10-15,55.0504,0.15391388827235009,54.91617142857143,54.26390666666667
2019-10-16,54.9299,-0.2188903259558561,54.913814285714295,54.35828
2019-10-17,55.2661,0.6120528164078154,54.979642857142856,54.45464333333334
2019-10-18,56.3596,1.9786089483426528,55.16578571428572,54.60082333333333
2019-10-22,56.3394,-0.03584127637528134,55.39048571428571,54.741416666666666
2019-10-23,56.394,0.09691264017721579,55.615028571428574,54.87860666666667
2019-10-24,56.4878,0.16632975139199146,55.83245714285714,55.00668333333333
2019-10-25,56.3768,-0.19650260764271232,56.021942857142854,55.121356666666664
2019-10-29,57.0785,1.244660924351848,56.32888571428571,55.232380000000006
2019-10-30,57.1831,0.1832563925120656,56.60274285714286,55.35023
2019-10-31,57.6615,0.8366108168322395,56.78872857142857,55.485573333333335
2019-11-01,57.9809,0.5539224612609805,57.02322857142857,55.624469999999995
2019-11-04,58.5157,0.9223727123932157,57.326328571428576,55.80215
2019-11-05,58.0708,-0.7603087718338952,57.55247142857143,55.966730000000005
2019-11-06,57.7536,-0.5462297746888223,57.74915714285714,56.13236666666667
2019-11-07,57.9074,0.26630374556737557,57.867571428571424,56.24771333333333
2019-11-08,57.4537,-0.7834922652372622,57.90622857142857,56.28449666666666
2019-11-11,57.692,0.4147687616289364,57.910585714285716,56.325903333333336
2019-11-13,57.9023,0.36452194411702443,57.899357142857134,56.39127
2019-11-14,57.8273,-0.1295285334088514,57.80101428571429,56.43931666666667
2019-11-15,57.71,-0.20284536888286464,57.749471428571425,56.48350666666667
2019-11-18,57.7894,0.13758447409462082,57.75458571428572,56.53825333333334
2019-11-19,57.8266,0.06437166677626394,57.74304285714285,56.610620000000004
2019-11-20,57.8357,0.01573670248640191,57.79761428571429,56.69184333333333
2019-11-21,58.0232,0.32419422605760584,57.84492857142857,56.794403333333335
2019-11-22,58.0555,0.0556673882171177,57.86681428571429,56.90274333333333
2019-11-25,58.2373,0.3131486250226079,57.92538571428571,57.008766666666666
2019-11-26,57.9258,-0.5348805662350298,57.95621428571429,57.11407666666666
2019-11-27,57.825,-0.17401572356359196,57.9613,57.214169999999996
2019-11-28,57.7441,-0.13990488543017543,57.949514285714294,57.306779999999996
2019-11-29,57.9839,0.41528052216588396,57.970685714285715,57.404563333333336
2019-12-02,58.0533,0.11968839626173011,57.974985714285715,57.50867666666667
2019-12-03,57.9542,-0.17070519677606644,57.96051428571429,57.59828
2019-12-04,58.3397,0.6651804355853441,57.97514285714286,57.66428333333333
2019-12-05,58.2459,-0.1607824517438461,58.020871428571425,57.727833333333336
2019-12-06,57.6323,-1.0534647073871306,57.993342857142856,57.76911
2019-12-09,57.3044,-0.5689517857173865,57.93052857142857,57.796330000000005
2019-12-10,56.8176,-0.8494984678314443,57.763914285714286,57.81102333333333
2019-12-11,56.6208,-0.3463715468446371,57.55927142857143,57.795766666666665
2019-12-12,56.7141,0.16478043404544174,57.38211428571429,57.78013333333333
2019-12-13,57.2957,1.0254945419216677,57.23297142857143,57.767939999999996
2019-12-16,56.9909,-0.5319770942670998,57.05368571428572,57.73494
2019-12-17,57.3155,0.5695646147016342,57.008428571428574,57.69493333333334
2019-12-18,57.1274,-0.3281834756741153,56.98314285714285,57.663486666666664
2019-12-19,57.3051,0.3110591414977826,57.05278571428572,57.648536666666665
2019-12-20,57.6649,0.6278673276898461,57.20194285714285,57.64045333333333
2019-12-23,57.5756,-0.1548602356025941,57.32501428571429,57.64451666666667
2019-12-24,57.4196,-0.2709481099632427,57.34271428571429,57.63543666666667
2019-12-26,57.4846,0.11320176385762881,57.413242857142855,57.62151333333334
2019-12-27,57.7682,0.49334952317663383,57.477914285714284,57.61954333333333
2019-12-30,57.7981,0.051758579979988006,57.57372857142857,57.622479999999996
2019-12-31,57.8093,0.01937779961624919,57.64575714285714,57.62314333333334
2020-01-01,57.886,0.1326776141555186,57.677342857142854,57.625123333333335
2020-01-02,58.3988,0.885879141761392,57.79494285714286,57.64389333333334
2020-01-03,58.6872,0.49384576395403723,57.97602857142857,57.66602666666667
2020-01-06,57.7329,-1.6260785997628036,58.011500000000005,57.655273333333334
2020-01-07,58.2107,0.8276043642359898,58.074714285714286,57.654386666666674
2020-01-08,57.9868,-0.38463718869554686,58.10167142857143,57.656420000000004
2020-01-09,58.6407,1.1276704353404554,58.22044285714286,57.68361
2020-01-10,58.9076,0.4551446350401722,58.36638571428572,57.722393333333336
2020-01-13,59.1726,0.44985706428373184,58.47692857142857,57.76201666666667
2020-01-14,59.2895,0.19755765337334807,58.56297142857143,57.80322333333333
2020-01-15,59.6795,0.6577893218866704,58.84105714285714,57.860733333333336
2020-01-16,60.2189,0.903827947620206,59.127942857142855,57.92337333333333
2020-01-17,60.8952,1.1230693353747823,59.54342857142857,58.011683333333345
2020-01-20,60.9709,0.12431193263180429,59.87631428571429,58.122969999999995
2020-01-21,60.7275,-0.3992068347359212,60.1363,58.237073333333335
2020-01-22,60.8469,0.19661603062861577,60.375485714285716,58.37138333333334
2020-01-23,61.1488,0.4961633213853123,60.641099999999994,58.52231666666667
2020-01-24,61.8393,1.1292126746559106,60.94964285714286,58.69315666666667
2020-01-27,61.9656,0.20423905186508495,61.19917142857143,58.84882
2020-01-28,62.0886,0.19849723072156156,61.36965714285714,59.01874333333333
2020-01-29,62.1324,0.07054435113691415,61.535585714285716,59.17930666666666
2020-01-30,61.8134,-0.5134197294809129,61.69071428571429,59.33550666666667
2020-01-31,61.7543,-0.09561033691724008,61.82034285714286,59.48381333333334
2020-02-03,60.8872,-1.4041127500433181,61.782971428571436,59.59122333333334
2020-02-04,61.7883,1.4799498088268193,61.775685714285714,59.73164666666666
2020-02-05,62.0606,0.4406983199084724,61.78925714285714,59.88634666666667
2020-02-06,62.089,0.0457617232189067,61.78931428571428,60.03982666666666
2020-02-07,62.3167,0.3667316271803278,61.815642857142855,60.19144333333334
2020-02-10,61.9086,-0.6548806339231605,61.82924285714285,60.32846
2020-02-11,62.1921,0.45793314660644846,61.89178571428572,60.47455333333333
2020-02-12,62.2058,0.022028521307371207,62.080157142857146,60.61854666666667
2020-02-13,62.2181,0.019773075822504538,62.141557142857145,60.74585666666667
2020-02-14,62.2419,0.03825253423039854,62.167457142857145,60.86434666666666
2020-02-17,62.0469,-0.31329377798556823,62.16144285714286,61.00814666666667
2020-02-18,61.5595,-0.7855348131816431,62.05327142857143,61.11977333333333
2020-02-19,62.26,1.1379234724128606,62.10347142857143,61.26221333333333
2020-02-20,62.3727,0.18101509797623372,62.12927142857143,61.38661333333334
2020-02-24,61.7942,-0.9274891098188909,62.07047142857143,61.48283333333334
2020-02-25,61.6015,-0.31184156441865785,61.98238571428571,61.56379666666667
2020-02-26,61.1649,-0.7087489752684584,61.82852857142857,61.626310000000004
2020-02-27,61.0899,-0.12261934540889197,61.69181428571428,61.67332333333333
2020-02-28,59.45,-2.684404459656997,61.390457142857144,61.647693333333336
2020-03-02,59.4357,-0.02405382674517398,60.986985714285716,61.599043333333334
2020-03-03,59.7023,0.4485519645600178,60.6055,61.556756666666665
2020-03-04,58.8308,-1.4597427569792099,60.18215714285714,61.493533333333325
2020-03-05,59.2727,0.7511371594470795,59.84947142857143,61.44106
2020-03-06,58.5236,-1.2638195999169932,59.472142857142856,61.35355333333334
2020-03-09,56.7701,-2.9962271630590065,58.855028571428576,61.184580000000004
2020-03-11,56.6672,-0.18125738725138785,58.45748571428572,61.00796666666667
2020-03-12,53.1617,-6.186118248298833,57.5612,60.71040333333334
2020-03-13,53.1576,-0.007712319207253682,56.62624285714286,60.41124333333334
2020-03-16,50.8999,-4.247181964573265,55.493257142857146,60.04746
2020-03-17,49.9371,-1.8915557790879722,54.159600000000005,59.653553333333335
2020-03-18,47.0783,-5.724801800665236,52.52455714285715,59.19325666666666
2020-03-19,45.2642,-3.8533676874483502,50.880857142857145,58.642453333333336
2020-03-20,45.7468,1.0661847552812187,49.3208,58.09866
2020-03-23,41.311,-9.696415924173929,47.62784285714286,57.406060000000004
2020-03-24,41.26,-0.12345380165089681,45.92818571428571,56.70417
2020-03-25,42.2905,2.4975763451284605,44.69827142857143,56.05023333333334
2020-03-26,43.7048,3.344249890637374,43.807942857142855,55.43399
2020-03-27,44.2552,1.259358239827213,43.40464285714285,54.83563666666667
2020-03-30,43.1613,-2.471799924076734,43.10422857142857,54.200410000000005
2020-03-31,44.2998,2.637779677627883,42.89751428571429,53.602340000000005
2020-04-01,43.7773,-1.1794635641695916,43.24984285714286,52.99335333333333
2020-04-03,43.6981,-0.18091568004422465,43.598142857142854,52.39797333333333
2020-04-07,45.121,3.2562056473851353,44.0025,51.82667333333334
2020-04-08,45.7678,1.4334788679328803,44.29721428571428,51.27317666666667
2020-04-09,46.7891,2.231481521943368,44.6592,50.77300666666667
2020-04-13,46.3737,-0.8878136147094096,45.118114285714285,50.26541333333333
2020-04-15,46.6621,0.6219042258866603,45.45558571428571,49.78198666666666
2020-04-16,47.0044,0.7335717852389623,45.9166,49.31247
2020-04-17,47.9462,2.003642212218426,46.52347142857143,48.92901
2020-04-20,48.8951,1.9790932336660738,47.06262857142857,48.57765666666667
2020-04-21,47.7874,-2.2654621833271715,47.35114285714286,48.18049333333333
2020-04-22,48.307,1.0873159033552904,47.56798571428572,47.8297
2020-04-23,48.6464,0.7025896867948633,47.892657142857146,47.47549
2020-04-24,47.8799,-1.5756561636626754,48.06662857142857,47.12069999999999
2020-04-27,48.0846,0.4275280441270901,48.22094285714285,46.831183333333335
2020-04-28,48.4286,0.715405764007615,48.289857142857144,46.55656333333334
2020-04-29,48.915,1.0043651891650685,48.2927,46.41500666666666
2020-04-30,49.4021,0.9958090565266309,48.52337142857142,46.28982333333333
2020-05-04,48.0018,-2.8344948898933353,48.479771428571425,46.193220000000004
2020-05-05,47.5152,-1.0137119858005361,48.318171428571425,46.11249
2020-05-06,47.5508,0.07492339293531103,48.27115714285714,46.128240000000005
2020-05-07,47.4015,-0.31397999613046457,48.173571428571435,46.19948333333333
2020-05-08,47.0197,-0.8054597428351351,47.972300000000004,46.24191333333333
2020-05-11,46.9345,-0.1812006456868076,47.68937142857143,46.42936333333333
2020-05-12,46.6427,-0.6217174999201047,47.295171428571436,46.60878666666667
2020-05-13,47.5349,1.9128395225833872,47.22847142857143,46.78359999999999
2020-05-14,46.8328,-1.4770200421164281,47.130985714285714,46.88786666666667
2020-05-15,46.9331,0.21416613997029543,47.042742857142855,46.977129999999995
2020-05-18,45.8781,-2.2478804937240415,46.825114285714285,47.06768999999999
2020-05-19,45.725,-0.3337104195683782,46.64015714285714,47.11519666666666
2020-05-20,46.2563,1.1619464188080908,46.54327142857143,47.197829999999996
2020-05-21,46.5947,0.7315760231579205,46.53641428571429,47.294383333333336
2020-05-22,46.2132,-0.8187626489708166,46.3476,47.33079
2020-05-26,46.4193,0.44597647425410614,46.28852857142858,47.35250666666666
2020-05-27,46.5354,0.25011148380091885,46.23171428571429,47.34405
2020-05-28,47.1434,1.3065322313765337,46.41247142857143,47.369706666666666
2020-05-29,47.8748,1.5514366804260993,46.719585714285714,47.41013
2020-06-01,49.3635,3.109569126137335,47.163471428571434,47.48876666666667
2020-06-02,50.232,1.7593971254064256,47.68308571428572,47.56496
2020-06-03,50.9722,1.4735626692148562,48.362942857142855,47.63419666666667
2020-06-04,50.798,-0.3417549173863388,48.98847142857142,47.734550000000006
2020-06-05,51.3008,0.9898027481396898,49.66924285714286,47.83434333333334
2020-06-08,51.7451,0.8660683654056145,50.32662857142857,47.93763333333333
2020-06-09,51.1714,-1.1087040125538516,50.79757142857143,48.04735000000001
2020-06-10,51.4119,0.4699890954713126,51.090199999999996,48.15826
2020-06-11,50.6426,-1.4963461766633768,51.148857142857146,48.232060000000004
2020-06-12,50.8648,0.43876104307440933,51.13351428571429,48.29705333333333
2020-06-15,51.0041,0.27386326103711056,51.162957142857145,48.350453333333334
2020-06-16,50.7675,-0.4638842759699724,51.086771428571424,48.44264333333333
2020-06-17,50.9734,0.4055744324617194,50.976528571428574,48.557916666666664
2020-06-18,51.5685,1.1674716616902225,51.033257142857146,48.69184
2020-06-19,52.3501,1.5156539360268395,51.16728571428571,48.856793333333336
2020-06-22,53.2647,1.7470835776818072,51.541871428571426,49.06496
2020-06-23,53.6129,0.6537162511006445,51.93445714285714,49.287573333333334
2020-06-24,53.2495,-0.6778219421072262,52.25522857142857,49.507799999999996
2020-06-25,53.1915,-0.10892121052780146,52.60151428571429,49.69635333333334
2020-06-26,53.4577,0.500455899908836,52.95641428571428,49.917183333333334
2020-06-29,52.9446,-0.9598243096878512,53.153000000000006,50.11756666666667
2020-06-30,52.8219,-0.23175168005802327,53.2204,50.34902666666667
2020-07-01,53.0526,0.436750665916974,53.190099999999994,50.59328
2020-07-02,53.4633,0.7741373655579586,53.16872857142857,50.833513333333336
2020-07-03,53.9367,0.8854672270510955,53.26690000000001,51.07824666666667
2020-07-06,54.7915,1.5848207250350743,53.49547142857143,51.36419
2020-07-07,54.932,0.25642663551828093,53.70608571428572,51.64794666666667
2020-07-08,54.5073,-0.7731376975169346,53.92932857142857,51.91367666666667
2020-07-09,54.9956,0.8958433090613616,54.23985714285715,52.17541666666667
2020-07-10,54.9376,-0.10546298249314301,54.50914285714286,52.41084333333333
2020-07-13,54.5398,-0.7240942451071875,54.66292857142857,52.58338666666667
2020-07-14,54.2574,-0.5177870105867677,54.70874285714285,52.71756666666667
2020-07-15,54.4579,0.36953484685959825,54.66108571428572,52.833756666666666
2020-07-16,54.2633,-0.3573402573364026,54.56555714285714,52.94926666666666
2020-07-17,54.546,0.5209782670792196,54.57108571428572,53.05744
2020-07-20,54.9045,0.6572434275657235,54.55807142857143,53.162753333333335
2020-07-21,55.4238,0.9458241127776379,54.62752857142857,53.304500000000004
2020-07-22,55.5652,0.25512505457943035,54.77401428571428,53.44294333333334
2020-07-23,55.9901,0.7646872502933499,55.021542857142855,53.62119333333333
2020-07-24,56.1087,0.21182316159464865,55.257371428571425,53.79599
2020-07-27,55.5097,-1.06757062630215,55.435428571428574,53.946176666666666
2020-07-28,55.2362,-0.4927066800937574,55.534028571428564,54.09513333333334
2020-07-29,55.1299,-0.19244625806988935,55.56622857142857,54.23368333333333
2020-07-30,55.0194,-0.200435698232726,55.50845714285715,54.34871333333333
2020-07-31,55.3008,0.5114559591707701,55.470685714285715,54.447070000000004
2020-08-03,56.0147,1.290939733240748,55.4742,54.538736666666665
2020-08-04,56.5565,0.9672460978993103,55.53817142857143,54.63685666666667
2020-08-05,57.0065,0.7956645124786776,55.752,54.76209000000001
2020-08-06,57.6979,1.2128441493513886,56.10367142857143,54.91230333333333
2020-08-07,57.9724,0.4757538835902242,56.509742857142854,55.06279333333334
2020-08-10,58.7216,1.2923391130952089,57.03862857142858,55.255359999999996
2020-08-11,58.9922,0.46081850630772525,57.56597142857142,55.46103666666667
2020-08-12,59.2859,0.49786242927030155,58.03328571428572,55.66881333333333
2020-08-13,60.7092,2.4007394675631177,58.62652857142858,55.91034333333333
2020-08-14,60.8519,0.23505498342919484,59.175871428571426,56.14085
2020-08-17,61.0084,0.25718178068392383,59.6488,56.348079999999996
2020-08-18,61.5686,0.9182342103710273,60.16254285714286,56.5693
2020-08-19,61.7767,0.33799696598590945,60.59898571428572,56.81161333333333
2020-08-20,62.3087,0.8611661030776929,61.072771428571436,57.05538333333333
2020-08-21,63.2056,1.439445855875654,61.63272857142857,57.33098333333333
2020-08-24,64.2166,1.599541812750771,62.133785714285715,57.65354333333333
2020-08-25,64.2012,-0.02398133815867398,62.61225714285714,57.98500333333333
2020-08-26,64.6439,0.6895509741251082,63.131614285714285,58.32453666666666
2020-08-27,65.0304,0.5978909069533245,63.62615714285714,58.683440000000004
2020-08-28,65.0345,0.006304743627594256,64.09155714285714,59.03305666666667
2020-08-31,62.3588,-4.11427780639505,64.09871428571428,59.28153333333333
2020-09-01,62.3265,-0.051797019827193314,63.97312857142857,59.511623333333326
2020-09-02,63.5433,1.9522995836442014,63.87694285714286,59.777559999999994
2020-09-03,63.6277,0.13282281530861972,63.79501428571429,60.03214666666666
2020-09-04,63.0449,-0.9159532719240193,63.566585714285715,60.263353333333335
2020-09-07,63.1455,0.1595688152411956,63.297314285714286,60.51788
2020-09-08,62.6925,-0.7173907879421293,62.96274285714286,60.766423333333336
2020-09-09,61.9976,-1.1084260477728702,62.911142857142856,60.99534666666667
2020-09-10,62.9838,1.5907067370349859,63.00504285714286,61.26082666666666
2020-09-11,62.9364,-0.07525744715308758,62.91834285714286,61.515346666666666
2020-09-14,65.8331,4.602582924984588,63.2334,61.84262666666667
2020-09-15,66.5188,1.0415733119053971,63.72967142857143,62.17470333333333
2020-09-16,66.7009,0.273757193455082,64.23758571428571,62.49785
2020-09-17,66.2742,-0.6397215030082171,64.74925714285715,62.78372666666667
2020-09-18,65.7147,-0.8442199226848413,65.28027142857142,63.04180333333333
2020-09-21,63.9585,-2.6724614127432544,65.41951428571429,63.216366666666666
2020-09-22,62.8153,-1.7874090230383777,65.40221428571428,63.343803333333334
2020-09-23,62.7063,-0.1735246030823756,64.95552857142857,63.457816666666666
2020-09-24,61.6467,-1.6897823663651002,64.25951428571429,63.489066666666666
2020-09-25,62.4845,1.3590346279687138,63.657171428571424,63.54348666666667
2020-09-28,63.5663,1.7313093647224553,63.27032857142857,63.62875
2020-09-29,63.6305,0.10099691188569793,62.97258571428571,63.69748
2020-09-30,63.8023,0.2699963068025557,62.95027142857142,63.765
2020-10-01,64.1093,0.4811738761768769,63.135128571428574,63.82502
2020-10-05,64.3535,0.380911973769793,63.370442857142855,63.863283333333335
2020-10-06,64.2617,-0.1426495839387032,63.744014285714286,63.86478666666667
2020-10-07,64.1025,-0.24773698797261323,63.97515714285715,63.86149666666667
2020-10-08,63.4817,-0.9684489684489872,63.96307142857143,63.82275666666667
2020-10-09,63.2906,-0.301031635888771,63.91451428571428,63.764763333333335
2020-10-12,62.7597,-0.838829146824327,63.76557142857143,63.68893666666666
2020-10-13,62.8658,0.169057532142447,63.58792857142857,63.70583666666666
2020-10-14,63.4637,0.9510735566874207,63.460814285714285,63.743743333333335
2020-10-15,62.5586,-1.426169605617078,63.21751428571429,63.71092
2020-10-16,63.2883,1.1664263586461443,63.1012,63.69960666666667
2020-10-19,63.7933,0.7979357953997956,63.145714285714284,63.72455333333333
2020-10-20,63.7148,-0.1230536749157074,63.20631428571429,63.74353
2020-10-21,63.7626,0.0750218159674132,63.34958571428571,63.779199999999996
2020-10-22,63.9264,0.2568904028380281,63.5011,63.843493333333335
2020-10-23,64.4167,0.7669757721379566,63.63724285714285,63.89125666666667
2020-10-26,64.1467,-0.4191459668067554,63.86411428571428,63.9316
2020-10-27,64.2905,0.2241736519571491,64.00728571428571,63.88018
2020-10-28,64.1264,-0.2552476648960411,64.05487142857143,63.80043333333333
2020-10-29,63.8738,-0.39390952868085805,64.07758571428572,63.70619666666666
2020-10-30,64.0422,0.26364487473735654,64.11752857142856,63.631796666666666
2020-11-02,63.9582,-0.13116351405790816,64.12207142857143,63.57324666666667
2020-11-03,64.2757,0.49641797298860535,64.10192857142857,63.583819999999996
2020-11-04,64.6703,0.6139178569817272,64.17672857142857,63.645653333333335
2020-11-05,65.3632,1.071434646197722,64.32997142857143,63.73421666666666
2020-11-06,65.761,0.608599334181914,64.5634857142857,63.87136
2020-11-09,66.5707,1.2312768966408871,64.94875714285715,64.00756666666668
2020-11-10,66.4961,-0.11206131225900418,65.29931428571429,64.10522666666667
2020-11-11,66.6685,0.25926332521757356,65.6865,64.20649333333333
2020-11-12,67.0874,0.6283327208501888,66.08817142857143,64.31599666666666
2020-11-13,67.8975,1.2075292826968953,66.5492,64.44227
2020-11-17,69.2585,2.0044920652454223,67.10567142857143,64.60576999999999
2020-11-18,70.0787,1.184258971822949,67.72248571428572,64.79967
2020-11-19,70.3257,0.3524608761292569,68.25891428571428,65.00711
2020-11-20,70.6897,0.5175917196700519,68.85799999999999,65.24737666666667
2020-11-23,71.3108,0.8786287111135049,69.5211857142857,65.51471666666666
2020-11-24,72.0394,1.0217246195527219,70.22861428571427,65.82404
2020-11-25,71.2859,-1.0459554077352107,70.71267142857143,66.10471
2020-11-26,71.4394,0.21533010034242572,71.02422857142857,66.37056666666666
2020-11-27,73.1105,2.3391853794964668,71.45734285714285,66.72229666666667
2020-12-01,73.9151,1.1005259162500503,71.97011428571429,67.07652333333334
2020-12-02,74.0961,0.2448755396394109,72.45674285714286,67.41995
2020-12-03,74.5188,0.5704753691489817,72.91502857142858,67.78008333333334
2020-12-04,75.2531,0.9853889219901601,73.37412857142859,68.1631
2020-12-07,76.2757,1.3588808966009225,74.08695714285714,68.57474333333333
2020-12-08,76.0347,-0.31595908002155504,74.74342857142858,68.96200999999999
2020-12-09,76.3633,0.4321711008263174,75.20811428571429,69.36923
2020-12-10,76.0258,-0.4419662324703033,75.50964285714285,69.76040666666667
2020-12-11,76.1897,0.21558470940128416,75.80872857142857,70.16251666666668
2020-12-14,76.7302,0.7094134771497895,76.12464285714285,70.59106333333332
2020-12-15,76.8527,0.15965030718023687,76.35315714285714,71.01808000000001
2020-12-16,77.1352,0.36758630471018794,76.47594285714285,71.45731333333333
2020-12-17,76.9464,-0.24476503593690024,76.60618571428571,71.87967
2020-12-18,76.6351,-0.4045673351839807,76.6450142857143,72.27849666666667
2020-12-21,74.3431,-2.9907966454013724,76.40462857142857,72.57782666666667
2020-12-22,74.4438,0.13545305482283165,76.15521428571428,72.86725333333334
2020-12-23,75.995,2.083719530706407,76.05018571428572,73.18139666666667
2020-12-24,76.2652,0.35554970721756174,75.96625714285713,73.50703333333333
2020-12-28,77.201,1.2270340863198337,75.97565714285714,73.85811666666667
2020-12-29,77.9378,0.9543917824898607,76.1172857142857,74.21979666666668
2020-12-30,78.1608,0.2861256027242298,76.33524285714284,74.56190666666666
2020-12-31,78.1396,-0.027123570894860283,76.8776,74.85794333333334
2021-01-01,78.961,1.0511955525751349,77.52291428571428,75.15402
2021-01-04,79.9178,1.2117374400020253,78.0833142857143,75.47375666666667
2021-01-05,80.6897,0.9658674287830848,78.71538571428572,75.80709
2021-01-06,80.8795,0.23522209154327456,79.24088571428571,76.12604666666667
2021-01-07,81.8689,1.223301330992399,79.80247142857142,76.45369666666667
2021-01-08,82.4047,0.6544609735809503,80.40874285714285,76.82432333333333
2021-01-11,82.0949,-0.37594943006892256,80.97378571428571,77.17950666666667
2021-01-12,81.9853,-0.13350403009200207,81.40582857142856,77.47533333333332
2021-01-13,81.6065,-0.46203404756706146,81.64707142857142,77.73171333333333
2021-01-14,81.0944,-0.6275235428550463,81.70488571428571,77.96498999999999
2021-01-15,80.5302,-0.6957323810275473,81.6549857142857,78.16537
2021-01-18,79.4401,-1.3536536603659166,81.3080142857143,78.30493666666668
2021-01-19,80.6173,1.4818712463856354,81.05267142857143,78.44965666666667
2021-01-20,80.6259,0.010667685471976718,80.84281428571428,78.60269666666666
2021-01-21,80.5094,-0.14449451106902655,80.63197142857143,78.7409
2021-01-22,79.6084,-1.119123978069636,80.34652857142858,78.86032
2021-01-25,78.9867,-0.780947739183302,80.04542857142857,78.95355333333333
2021-01-27,78.2494,-0.9334482893955665,79.7196,79.00419333333335
2021-01-28,77.7009,-0.7009638412562746,79.47114285714285,79.03246666666665
2021-01-29,77.8537,0.19665151883696552,79.07634285714286,79.05641666666666
2021-02-01,79.4344,2.03034666303592,78.90612857142857,79.13935
2021-02-02,80.6225,1.4956995961447506,78.92228571428572,79.27226333333333
2021-02-03,81.6538,1.2791714471766635,79.21448571428571,79.51595333333333
2021-02-04,82.4453,0.969336393407283,79.70857142857143,79.78267000000001
2021-02-05,82.6153,0.2061973211329171,80.33227142857143,80.00334666666666
2021-02-08,83.4924,1.0616677540358666,81.15962857142857,80.24425333333333
2021-02-09,83.1303,-0.4336921683889772,81.91342857142857,80.44189666666666
2021-02-10,83.3864,0.30807058316881797,82.478,80.62351666666667
2021-02-11,84.1694,0.9390020434987045,82.9847,80.82380333333334
2021-02-12,84.5864,0.4954294553602745,83.40364285714286,81.03869666666667
2021-02-15,85.0276,0.5215968524491021,83.77254285714287,81.24091666666666
2021-02-16,84.5871,-0.5180670746910421,84.05422857142857,81.39656
2021-02-17,84.8193,0.27450994300548537,84.24378571428572,81.53421333333333
2021-02-18,85.5317,0.8399031824124936,84.58684285714286,81.68928666666666
2021-02-19,84.9273,-0.7066385913059081,84.80697142857143,81.79123333333334
2021-02-22,83.6608,-1.4912754791451155,84.73431428571429,81.83310333333334
2021-02-23,84.0135,0.4215833460832208,84.65247142857142,81.89705666666666
2021-02-24,84.7936,0.9285412463473142,84.61904285714286,81.99066666666667
2021-02-25,86.3588,1.8458940297380932,84.87214285714286,82.14907666666667
2021-02-26,85.7878,-0.6611949216524526,85.0105,82.30552333333334
2021-03-01,86.8947,1.2902767060118059,85.20521428571429,82.51767333333333
2021-03-02,87.7662,1.002938038798673,85.61077142857143,82.79521
2021-03-03,88.4923,0.8273116530053803,86.30098571428572,83.05771
2021-03-04,88.9623,0.5311196567384879,87.00795714285714,83.33559
2021-03-05,88.2252,-0.8285532186105726,87.49818571428571,83.59278333333333
2021-03-08,88.5876,0.41076699174384945,87.81658571428572,83.89209
2021-03-09,88.3161,-0.3064763014236638,88.17777142857143,84.20307
2021-03-10,88.6966,0.43083877118668124,88.43518571428572,84.55131
2021-03-12,88.9315,0.2648354051902668,88.60165714285714,84.92566333333335
2021-03-15,88.5963,-0.37691931430370307,88.61651428571429,85.28375
2021-03-16,88.5682,-0.03171690014142081,88.5602142857143,85.58820999999999
2021-03-17,87.2732,-1.4621500719219749,88.42421428571429,85.8099
2021-03-18,86.0465,-1.405586136408432,88.0612,85.95632333333333
2021-03-19,85.7498,-0.3448135601099467,87.69458571428572,86.06647333333333
2021-03-22,86.4156,0.7764449596384004,87.36872857142858,86.19315
2021-03-23,87.5212,1.279398627099737,87.16725714285714,86.32744333333333
2021-03-24,86.1717,-1.5419121310036754,86.82088571428572,86.42882333333334
2021-03-25,84.6698,-1.7429155975801858,86.26397142857141,86.47160333333333
2021-03-26,85.5087,0.9907901046181777,86.0119,86.51624666666666
2021-03-30,86.6977,1.3905017851984613,86.10492857142857,86.58662333333334
2021-03-31,87.4737,0.8950641135808679,86.35119999999999,86.66816
2021-04-01,88.4903,1.162177888896898,86.64758571428571,86.79826666666666
2021-04-05,87.5976,-1.0088111352317797,86.6585,86.89087666666667
2021-04-06,88.3419,0.8496808131729594,86.96852857142856,86.98455
2021-04-07,88.9063,0.6388814367814133,87.57374285714286,87.11718333333333
2021-04-08,89.9964,1.22612233328796,88.21484285714284,87.32836999999999
2021-04-09,90.0091,0.014111675578143412,88.6879,87.52822333333333
2021-04-12,86.272,-4.151913528743201,88.51622857142857,87.57750333333333
2021-04-13,86.9516,0.7877410979228339,88.29641428571428,87.59726333333333
2021-04-15,87.1259,0.2004563458291697,88.22902857142857,87.64186666666667
2021-04-16,87.3888,0.30174724163538613,88.09287142857144,87.65833666666666
2021-04-19,86.7783,-0.6986021091947681,87.78887142857143,87.62540666666668
2021-04-20,87.1948,0.47995869935226754,87.38864285714286,87.58215666666666
2021-04-22,87.767,0.6562317936390727,87.06834285714287,87.54231333333333
2021-04-23,87.9149,0.16851436189000424,87.30304285714286,87.53197
2021-04-26,88.5558,0.7290004310987142,87.53221428571429,87.53091
2021-04-27,89.5712,1.1466216780831928,87.88154285714286,87.57274666666667
2021-04-28,90.332,0.8493801579078974,88.30199999999999,87.62725999999999
2021-04-29,90.6173,0.3158349200726329,88.85042857142857,87.68345333333333
2021-04-30,90.4752,-0.15681332372515788,89.31905714285715,87.74608333333335
2021-05-03,91.3828,1.0031478239340696,89.8356,87.83990333333333
2021-05-04,91.3626,-0.022104816223622592,90.32812857142856,87.97621666666666
2021-05-05,92.0577,0.7608146002850091,90.8284,88.17659
2021-05-06,92.1186,0.06615416200925761,91.19231428571429,88.38888333333333
2021-05-07,92.2135,0.10301936850971583,91.4611,88.58214666666666
2021-05-10,92.846,0.685908245538891,91.77948571428571,88.75964
2021-05-11,93.5737,0.7837709755939892,92.22212857142857,89.00637333333334
2021-05-12,92.9124,-0.7067156690394816,92.44064285714285,89.28112666666667
2021-05-14,92.2765,-0.6844081091436749,92.5712,89.50672
2021-05-17,92.9585,0.7390830818247318,92.69988571428571,89.71541333333333
2021-05-18,93.9225,1.0370218968679623,92.95758571428571,89.93037333333334
2021-05-19,94.7558,0.887220846974901,93.32077142857143,90.13922333333333
2021-05-20,95.0316,0.2910639770863588,93.63300000000001,90.38702333333332
2021-05-21,95.3914,0.37861090416240195,93.89267142857143,90.62200666666666
2021-05-24,96.0305,0.6699765387655487,94.33811428571428,90.85948
2021-05-25,96.8992,0.9046084316961744,94.9985,91.08957333333333
2021-05-26,97.3437,0.4587241174333734,95.62495714285716,91.33406
2021-05-27,97.9063,0.5779521427683676,96.19407142857143,91.72187000000001
2021-05-28,97.2483,-0.6720711537459789,96.55014285714286,92.06509333333334
2021-05-31,97.38,0.1354265318776804,96.88562857142857,92.40689666666665
2021-06-01,97.2044,-0.18032450195111238,97.14462857142857,92.73408333333333
2021-06-02,98.0796,0.9003707651093817,97.43735714285715,93.11079333333333
2021-06-03,98.125,0.04628893266285239,97.61247142857142,93.47513333333333
2021-06-04,98.8539,0.7428280254776931,97.82821428571428,93.84469666666668
2021-06-07,99.9491,1.1078976145604935,98.12004285714285,94.24583666666668
2021-06-08,100.1122,0.16318306017764073,98.52917142857143,94.63104999999999
2021-06-09,99.0036,-1.1073575448346862,98.76111428571429,94.94546333333332
2021-06-10,99.9654,0.9714798249760515,99.15554285714286,95.26657666666667
2021-06-11,99.8345,-0.13094530707624674,99.40624285714286,95.57381666666667
2021-06-14,99.2339,-0.6015956407855017,99.56465714285716,95.86577333333334
2021-06-15,99.6014,0.37033715292857927,99.67144285714286,96.13972666666668
2021-06-16,99.1338,-0.4694713126522365,99.55497142857143,96.39876666666667
2021-06-17,98.6026,-0.5358414587153915,99.33931428571428,96.61693
2021-06-18,98.4344,-0.1705837371428376,99.258,96.82745666666666
2021-06-21,98.8195,0.3912250188958355,99.0943,97.04765666666667
2021-06-22,99.366,0.5530285014597291,99.02737142857143,97.26499
2021-06-23,99.71,0.34619487551073025,99.09538571428571,97.46953333333333
2021-06-24,99.7729,0.06308294052754793,99.11988571428572,97.69821666666667
2021-06-25,100.1155,0.34337981556114006,99.26012857142857,97.95951666666669
2021-06-28,100.7862,0.6699262351983482,99.57207142857143,98.22044000000001
2021-06-29,100.5042,-0.2798002107431308,99.86775714285714,98.43983
2021-06-30,100.9756,0.46903512490026333,100.17577142857142,98.64715666666666
2021-07-01,101.142,0.16479228645336352,100.42948571428572,98.85083666666668
2021-07-02,101.8067,0.657194834984498,100.72901428571427,99.06468000000001
2021-07-05,102.4792,0.6605655619914996,101.11562857142857,99.27963666666666
2021-07-06,102.8988,0.40944894183403413,101.51324285714286,99.47962333333334
2021-07-07,103.5981,0.6795997620963501,101.91494285714286,99.68810333333334
2021-07-08,103.0963,-0.48437181762985837,102.28524285714286,99.86110333333335
2021-07-09,103.1664,0.06799468070144421,102.59821428571429,100.05837333333332
2021-07-12,104.1041,0.9089199584360941,103.02137142857143,100.28251
2021-07-13,104.6746,0.5480091562195977,103.43107142857143,100.53151666666668
2021-07-14,105.2564,0.5558177437506417,103.8278142857143,100.77074333333333
2021-07-15,105.0695,-0.17756639976286293,104.13791428571429,101.00222666666667
2021-07-16,104.9914,-0.07433175184045071,104.33695714285714,101.20680999999999
2021-07-19,104.8046,-0.1779193343454888,104.581,101.36866
2021-07-20,103.3603,-1.3780883663503274,104.6087,101.47693000000001
2021-07-22,104.1531,0.7670256375029938,104.61569999999999,101.64858000000001
2021-07-23,104.3972,0.23436652389607904,104.57607142857144,101.79630666666667
2021-07-26,104.4083,0.010632469070048778,104.45491428571428,101.94876666666666
2021-07-27,103.8914,-0.49507558307145816,104.2866142857143,102.10401666666667
2021-07-28,103.617,-0.26412195812165473,104.09027142857143,102.23787
2021-07-29,104.8903,1.22885240838857,104.10251428571428,102.42975333333334
2021-07-30,105.3714,0.4586696767956644,104.38981428571427,102.65538
2021-08-02,106.1017,0.6930723137397843,104.66818571428571,102.91095666666666
2021-08-03,106.3929,0.2744536609686765,104.9532857142857,103.16340333333333
2021-08-04,105.4579,-0.8788180414294633,105.10322857142856,103.36646666666667
2021-08-05,104.998,-0.43609819653149806,105.26131428571429,103.54273333333335
2021-08-06,104.8069,-0.1820034667327053,105.4313,103.71053333333334
2021-08-09,104.2697,-0.5125616729432902,105.34264285714286,103.84900666666665
2021-08-10,102.739,-1.4680199521049708,104.96658571428573,103.91409999999999
2021-08-11,101.5778,-1.1302426537147636,104.32031428571429,103.94988666666667
2021-08-12,102.8351,1.2377704577181348,103.81205714285716,104.01187
2021-08-13,103.1156,0.27276678877155014,103.47744285714286,104.07765666666666
2021-08-16,102.6818,-0.4206928922490971,103.14655714285713,104.10682666666666
2021-08-17,102.9948,0.30482519784420514,102.88768571428571,104.12401333333334
2021-08-18,102.7792,-0.20933095651430866,102.67475714285715,104.12002666666667
2021-08-20,101.3154,-1.4242181297383194,102.47138571428572,104.04393666666667
2021-08-23,100.065,-1.2341657832866448,102.25527142857142,103.94289333333333
2021-08-24,101.0715,1.0058461999700175,102.00332857142858,103.87306333333335
2021-08-25,101.532,0.45561805256675303,101.77709999999999,103.78732666666666
2021-08-26,102.162,0.6204940314383789,101.70284285714285,103.70357333333332
2021-08-27,102.8137,0.6379084199604534,101.67697142857142,103.62214999999999
2021-08-30,104.648,1.7841007570002843,101.94394285714286,103.6081
2021-08-31,105.6214,0.9301658894580012,102.55908571428573,103.62910000000001
2021-09-01,105.6616,0.03806046880652225,103.3586,103.65766666666667
2021-09-02,106.4916,0.7855266246204806,104.13289999999999,103.76204333333334
2021-09-03,106.5171,0.023945550634962842,104.84505714285716,103.84084333333334
2021-09-06,107.1149,0.5612244418971235,105.5526142857143,103.93143333333335
2021-09-07,106.9263,-0.17607260987967388,106.14012857142858,104.01536666666667
2021-09-08,107.1416,0.20135364264919353,106.49635714285714,104.12370666666668
2021-09-09,108.1289,0.921490812158865,106.85457142857142,104.27410333333333
2021-09-13,108.3557,0.20974965989666305,107.23944285714286,104.38961666666665
2021-09-14,109.5639,1.1150313273782686,107.67834285714285,104.52936666666666
2021-09-15,110.3295,0.6987703066429596,108.22297142857143,104.67029333333333
2021-09-16,110.188,-0.12825219003076427,108.6619857142857,104.79679666666667
2021-09-17,109.0842,-1.001742476494727,108.97025714285714,104.91767333333334
2021-09-20,107.5332,-1.4218374430027492,109.0262,105.00218
2021-09-21,107.9811,0.4165225251364202,109.0050857142857,105.10798666666666
2021-09-22,109.0144,0.9569267214355026,109.09918571428571,105.26614333333333
2021-09-23,110.2011,1.0885717850118937,109.19021428571429,105.51487999999999
2021-09-24,109.5436,-0.5966365127026863,109.07794285714284,105.78040666666666
2021-09-27,109.313,-0.21050978788353936,108.95294285714286,105.99633666666666
2021-09-28,109.4454,0.12112008635751792,109.00454285714285,106.20733
2021-09-29,109.4882,0.039106257549437196,109.28382857142857,106.43421
2021-09-30,110.1672,0.6201581540293821,109.59612857142857,106.67329
2021-10-01,110.9385,0.7001176393699904,109.871,106.94526666666665
2021-10-04,112.8335,1.7081536166434486,110.24705714285714,107.32920333333333
2021-10-05,112.8715,0.033677941391507815,110.72247142857142,107.75608666666668
2021-10-06,112.5383,-0.2952029520295163,111.18322857142857,108.13831333333333
2021-10-07,113.9512,1.2554836886642162,111.8269142857143,108.55228666666667
2021-10-08,114.3972,0.39139561496499553,112.5282,108.96012666666665
2021-10-11,115.1336,0.6437220491410711,113.23768571428572,109.37079
2021-10-12,115.2274,0.08147056984233458,113.85038571428572,109.72343666666667
2021-10-13,116.4436,1.0554781241267186,114.36611428571429,110.08417666666668
2021-10-14,116.6919,0.21323627919438426,114.91188571428572,110.45185333333333
2021-10-18,117.5222,0.7115318201177612,115.62387142857142,110.81953999999999
2021-10-19,116.2545,-1.0786898134990675,115.95291428571429,111.14411999999999
2021-10-20,113.4912,-2.3769402474742796,115.82348571428572,111.35666333333332
2021-10-21,113.8861,0.3479564935431112,115.64527142857142,111.58865666666667
2021-10-22,113.4348,-0.3962731184929513,115.38918571428572,111.79843
2021-10-25,111.9962,-1.2682175134967388,114.75384285714286,111.92734
2021-10-26,113.5163,1.357278193367284,114.30018571428572,112.09936
2021-10-27,114.1178,0.5298798498541535,113.81384285714286,112.25115666666667
2021-10-28,113.475,-0.5632775956073588,113.41677142857144,112.35600666666667
2021-10-29,113.6715,0.17316589557170303,113.44252857142858,112.47212333333333
2021-11-01,114.2579,0.5158724922254221,113.49564285714287,112.64457999999999
2021-11-02,115.5178,1.1026808649555075,113.79321428571428,112.91073333333334
2021-11-03,115.5222,0.003808936804539087,114.29692857142857,113.16210333333333
2021-11-08,117.3055,1.5436859755094678,114.83824285714286,113.43847333333333
2021-11-09,117.9077,0.5133604136208447,115.37965714285714,113.69536000000001
2021-11-10,117.9059,-0.0015266178544748321,116.01264285714285,113.97410333333333
2021-11-11,118.4235,0.4389941470274161,116.69149999999999,114.27778666666667
2021-11-12,119.2912,0.7327093017855502,117.41054285714286,114.60598
2021-11-15,119.239,-0.043758466676502294,117.94214285714285,114.93100666666666
2021-11-16,118.6213,-0.5180352066018634,118.38487142857143,115.21280999999999
2021-11-17,118.1513,-0.39621889154813905,118.5057,115.45323666666668
2021-11-18,116.9958,-0.9779833146143946,118.37542857142857,115.59197999999999
2021-11-22,114.5634,-2.0790489915022636,117.89792857142858,115.64837666666666
2021-11-23,115.7625,1.0466693551343553,117.51778571428574,115.75585000000001
2021-11-24,116.9382,1.0156138645934565,117.18164285714286,115.85541666666668
2021-11-25,117.3365,0.34060726092928206,116.90985714285715,115.95339333333332
2021-11-26,113.7581,-3.0496904202869546,116.2151142857143,115.90754333333334
2021-11-29,112.0406,-1.5097826000961656,115.34215714285713,115.80131666666666
2021-11-30,114.6061,2.289794949330859,115.00077142857143,115.74006666666666
2021-12-01,114.5225,-0.07294550639102004,114.99492857142856,115.66775333333334
2021-12-02,115.1803,0.5743849461896211,114.91175714285714,115.58969
2021-12-03,115.4989,0.27660980219708087,114.70614285714285,115.56450333333333
2021-12-06,114.2375,-1.0921316133746806,114.26342857142858,115.58938000000002
2021-12-07,115.5693,1.1658168289747195,114.52217142857141,115.64548666666666
2021-12-08,115.9955,0.36878305916883125,115.08715714285714,115.73084333333333
2021-12-09,116.4189,0.3650141600320511,115.34612857142858,115.87826666666666
2021-12-10,117.0295,0.5244852854648263,115.70427142857145,115.99537333333333
2021-12-13,116.6731,-0.3045385992420657,115.91752857142858,116.08054999999999
2021-12-14,116.5661,-0.09170922860539665,116.06998571428572,116.18358666666667
2021-12-15,116.7334,0.14352371744443815,116.42654285714286,116.28565
2021-12-16,115.5621,-1.0033974852098893,116.42551428571429,116.32912333333334
2021-12-17,114.4182,-0.989857401345251,116.20018571428571,116.29247
2021-12-20,111.4291,-2.612434035843947,115.48735714285715,116.15603333333334
2021-12-21,112.1347,0.6332277654580221,114.7881,115.98367333333334
2021-12-22,113.5008,1.2182669592909257,114.33491428571428,115.83677666666667
2021-12-23,114.0603,0.49294806732640417,113.97694285714286,115.70859
2021-12-24,113.0034,-0.9266151325220018,113.44408571428572,115.52792000000001
2021-12-27,113.1013,0.08663456143798154,113.09254285714287,115.32159
2021-12-28,114.187,0.9599359158559695,113.05951428571429,115.15319
2021-12-29,115.107,0.8056959198507796,113.58492857142858,115.03604666666666
2021-12-30,115.0392,-0.05890171753238915,113.99985714285712,114.93230999999999
2021-12-31,116.5135,1.281563154124865,114.43024285714286,114.91623333333334
2022-01-03,117.8295,1.1294828496268616,114.9687,115.02510333333333
2022-01-04,117.9937,0.13935389694432754,115.6816,115.09947666666666
2022-01-05,117.8449,-0.12610842782284637,116.35925714285713,115.12969999999999
2022-01-06,118.078,0.1978023656518113,116.91511428571428,115.15441666666666
2022-01-07,118.0578,-0.017107335828858705,117.33665714285713,115.29773999999999
2022-01-10,119.259,1.0174677149667355,117.93948571428572,115.53835333333333
2022-01-11,119.2122,-0.03924232133424299,118.32501428571427,115.69189
2022-01-12,120.503,1.0827750851003515,118.70694285714286,115.89124
2022-01-13,120.6145,0.09252881670995805,119.08134285714286,116.07238000000001
2022-01-14,121.5144,0.746096033229815,119.60555714285715,116.27289666666667
2022-01-17,121.889,0.3082762207606615,120.1499857142857,116.52794666666665
2022-01-18,120.3738,-1.2430982287162884,120.48084285714286,116.68809666666668
2022-01-19,120.1682,-0.17080128732333,120.61072857142857,116.82718666666668
2022-01-20,120.1311,-0.030873392461561178,120.742,116.95092666666666
2022-01-21,118.8871,-1.035535344303018,120.51115714285713,117.01284666666668
2022-01-24,113.8388,-4.246297537748001,119.5432,116.91837000000001
2022-01-25,114.9265,0.9554738806101248,118.60207142857142,116.86371666666668
2022-01-27,113.4644,-1.2722044089048312,117.39855714285714,116.75475
2022-01-28,113.7542,0.25541050761295203,116.4529,116.69448666666666
2022-01-31,115.1383,1.2167462827746167,115.73434285714286,116.71849
2022-02-01,116.8615,1.4966349164439618,115.26725714285715,116.89957
2022-02-02,118.2925,1.2245264693675928,115.18231428571428,117.10482999999999
2022-02-03,117.9384,-0.29934273094236463,115.76797142857143,117.25275
2022-02-04,118.1779,0.20307211222128085,116.23245714285714,117.39000333333334
2022-02-07,118.1213,-0.047893895559147914,116.89772857142857,117.5606
2022-02-08,116.9897,-0.9579982611095605,117.35994285714285,117.69021333333333
2022-02-09,116.6628,-0.2794263084698878,117.57772857142858,117.77274000000001
2022-02-10,116.361,-0.2586942881535492,117.50622857142857,117.81454000000001
2022-02-11,114.5805,-1.5301518550029702,116.97594285714285,117.79925
2022-02-14,111.1649,-2.980960983762504,116.00829999999999,117.62096333333334
2022-02-15,112.2859,1.0084118278341325,115.16658571428572,117.43617666666667
2022-02-16,113.4702,1.0547183573360597,114.50214285714286,117.28539333333335
2022-02-17,113.0094,-0.4060978124653003,113.93352857142858,117.12421
2022-02-18,112.6163,-0.3478471702354047,113.35545714285715,116.94215333333334
2022-02-21,110.5555,-1.8299304807563366,112.5261,116.69207666666668
2022-02-22,109.2415,-1.1885433108257737,111.76338571428572,116.35816
2022-02-23,109.8892,0.5929065419277402,111.58114285714285,116.04739333333333
2022-02-24,105.5919,-3.910575379564152,110.62485714285715,115.55035666666666
2022-02-25,109.1447,3.364652023498027,110.00692857142857,115.16803
2022-02-28,109.8735,0.6677374164755667,109.55894285714285,114.78
2022-03-02,109.7898,-0.07617851438245227,109.15515714285713,114.37669333333334
2022-03-03,109.9523,0.1480101065854944,109.06898571428573,114.02931
2022-03-04,108.4432,-1.3725042586648861,108.95494285714285,113.63847666666666
2022-03-07,106.6562,-1.6478672706080277,108.49308571428571,113.18931333333335
2022-03-08,107.1074,0.42304151094825215,108.70958571428571,112.79665666666666
2022-03-09,108.7536,1.5369619652797262,108.65371428571429,112.62715
2022-03-10,109.8399,0.9988634858983936,108.6489142857143,112.45759666666666
2022-03-11,110.3959,0.506191283859514,108.7355,112.35531333333333
2022-03-14,111.3776,0.8892540393257375,108.93911428571428,112.27609333333334
2022-03-15,110.7915,-0.5262278950165955,109.27458571428572,112.1312
2022-03-16,111.4996,0.6391284529950525,109.9665,111.95247
2022-03-17,112.1278,0.563410092951,110.68370000000002,111.74698
2022-03-21,111.8034,-0.2893127306519805,111.11938571428571,111.54248000000001
2022-03-22,111.8136,0.009123157256385461,111.40134285714285,111.33033666666667
2022-03-23,112.0594,0.21983014588564664,111.63898571428571,111.12827333333333
2022-03-24,112.129,0.06210991670489996,111.74632857142856,110.96625
2022-03-25,111.8414,-0.25649029243105526,111.8963142857143,110.80553666666667
2022-03-28,111.3773,-0.41496261670542767,111.87884285714287,110.63941333333334
2022-03-29,112.833,1.3069988229199136,111.97958571428572,110.58116333333334
2022-03-30,113.3938,0.49701771644821147,112.20678571428572,110.65545999999999
2022-03-31,113.3881,-0.005026729856483225,112.43171428571428,110.6922
2022-04-01,114.8655,1.3029585997119675,112.83258571428571,110.73871
2022-04-04,116.1819,1.146036016036156,113.41157142857142,110.84446
2022-04-05,117.6729,1.283332429578099,114.24464285714286,111.01301333333335
2022-04-06,117.9615,0.24525612949115594,115.18524285714285,111.25988
2022-04-07,117.3808,-0.49227926060622096,115.83492857142856,111.53119
2022-04-08,118.159,0.6629704346877929,116.51567142857142,111.80685
2022-04-11,118.7434,0.49458780118314394,117.2807142857143,112.24523333333333
2022-04-12,117.6272,-0.9400101395109051,117.67524285714286,112.52798333333334
2022-04-13,117.5522,-0.0637607628167669,117.871,112.78393999999999
2022-04-18,117.0086,-0.46243285961470315,117.7761,113.02456666666667
2022-04-19,116.0671,-0.804641710096532,117.50547142857143,113.22839333333333
2022-04-20,116.0793,0.010511161216242293,117.31954285714286,113.48293
2022-04-21,117.0681,0.8518314634909041,117.16370000000002,113.82999333333332
2022-04-22,116.9877,-0.06867797461477254,116.91288571428572,114.15933666666666
2022-04-25,115.7364,-1.069599624575912,116.64277142857142,114.39209666666666
2022-04-26,116.5381,0.6926947788249871,116.4979,114.61537
2022-04-27,116.3239,-0.18380255041056115,116.40008571428572,114.81296999999999
2022-04-28,117.2654,0.8093779524242173,116.57127142857144,115.00923000000002
2022-04-29,116.4371,-0.7063464585461698,116.62238571428573,115.19741666666665
2022-05-02,115.6675,-0.6609577188026794,116.42229999999999,115.33634666666666
2022-05-04,113.5479,-1.8324940022045988,115.9309,115.38368333333332
2022-05-05,113.3928,-0.13659433595866188,115.59609999999999,115.43666333333333
2022-05-06,111.917,-1.3014935692565954,114.93594285714286,115.44010999999999
2022-05-09,111.1072,-0.723571932771605,114.19069999999999,115.40837000000002
2022-05-10,109.6278,-1.3315068690417986,113.09961428571428,115.32499666666666
2022-05-11,108.1924,-1.3093394193808394,111.92179999999999,115.20336333333333
2022-05-12,106.8265,-1.2624731496851949,110.6588,115.05167
2022-05-13,107.0481,0.20743916537564466,109.73025714285713,114.85884
2022-05-16,108.381,1.245141202879818,109.01428571428572,114.69174666666666
2022-05-17,110.5126,1.966765392458103,108.81365714285714,114.59589666666666
2022-05-18,110.4242,-0.07999087886811918,108.71608571428571,114.44785333333334
2022-05-19,109.1737,-1.1324510388121434,108.6512142857143,114.21424666666667
2022-05-20,110.5206,1.2337220411142935,108.98381428571429,113.97583666666667
2022-05-23,110.7194,0.1798759688238949,109.53994285714286,113.73443333333333
2022-05-24,110.3592,-0.32532690747961723,110.01295714285716,113.50038
2022-05-25,108.4736,-1.7086024545302947,110.0261857142857,113.17753333333333
2022-05-26,109.0641,0.5443720868487656,109.81925714285714,112.85489000000001
2022-05-27,109.1239,0.0548301411738672,109.63350000000001,112.57144666666666
2022-05-30,110.8854,1.61422016625139,109.87802857142856,112.34922
2022-05-31,111.3985,0.4627299897010717,110.00344285714286,112.16221666666667
2022-06-01,113.0469,1.4797326714452996,110.33594285714285,112.06154333333332
2022-06-02,113.0447,-0.001946094939342391,110.71958571428571,111.96039
2022-06-03,111.6854,-1.2024446966554025,111.1784142857143,111.78096666666667
2022-06-06,111.468,-0.19465391179150915,111.52182857142857,111.59697666666666
2022-06-07,110.8741,-0.5327986507338456,111.77185714285714,111.4349
2022-06-08,110.696,-0.160632645496106,111.74479999999998,111.24016333333334
2022-06-09,110.773,0.06955987569559063,111.65544285714286,111.05513333333333
2022-06-10,110.3611,-0.3718415137262676,111.27175714285714,110.82499
2022-06-13,108.1973,-1.9606546147147852,110.57927142857143,110.55033
2022-06-14,107.7655,-0.3990857442838225,110.01928571428572,110.28693
2022-06-15,107.9569,0.17760786151412855,109.5177,110.10056333333334
2022-06-16,105.836,-1.9645803093642056,108.79797142857144,109.84867000000001
2022-06-17,104.8911,-0.8927964019804224,107.9687,109.61447333333334
2022-06-20,103.2049,-1.6075720437673024,106.88754285714286,109.35106333333333
2022-06-21,104.8701,1.6134892820011348,106.10311428571428,109.19247333333333
2022-06-22,104.2718,-0.5705153327783541,105.54232857142857,109.06178666666666
2022-06-23,105.5826,1.257099234884218,105.2304857142857,109.02032333333334
2022-06-24,106.563,0.9285620926175353,105.03135714285713,109.00415333333333
2022-06-27,107.743,1.1073261826337388,105.30378571428571,108.98288666666667
2022-06-28,107.8457,0.09531941750275941,105.72587142857142,108.89399
2022-06-29,107.5298,-0.2929184937368823,106.34371428571428,108.79751
2022-06-30,107.3447,-0.1721383281657607,106.69722857142857,108.73654333333334
2022-07-01,107.2511,-0.08719573486162258,107.12284285714284,108.62756
2022-07-04,108.086,0.7784535543225335,107.48047142857142,108.53978000000001
2022-07-05,108.9019,0.7548618692522657,107.81460000000001,108.49120333333332
2022-07-06,109.4531,0.5061436026368771,108.0589,108.52385333333334
2022-07-07,110.0959,0.5872835031625279,108.38035714285715,108.55824666666666
2022-07-08,110.3205,0.20400396381698993,108.77902857142855,108.59813333333334
2022-07-11,111.3735,0.9544916855888097,109.35457142857142,108.61440333333333
2022-07-12,110.5217,-0.764813891994065,109.82180000000001,108.58517666666667
2022-07-13,110.6876,0.15010626872371535,110.19345714285714,108.50653333333335
2022-07-14,110.5523,-0.12223591441137271,110.42922857142857,108.42345333333333
2022-07-15,111.1987,0.5847006349031236,110.6786,108.40723
2022-07-18,111.9322,0.6596300136602284,110.94092857142857,108.42270333333335
2022-07-19,112.8046,0.7794003870200017,111.2958,108.48705333333334
2022-07-20,112.9868,0.16151823595846881,111.52627142857143,108.56341333333333
2022-07-21,113.4094,0.37402599241682655,111.9388,108.65129333333334
2022-07-22,114.09,0.6001266208973899,112.42485714285715,108.77559
2022-07-25,114.3251,0.20606538697520715,112.96382857142858,108.97985
2022-07-26,113.9363,-0.34008279896541316,113.35491428571427,109.18554333333334
2022-07-27,114.2238,0.25233397960087167,113.68228571428571,109.39444
2022-07-28,115.4212,1.0482929126854446,114.05608571428571,109.71394666666667
2022-07-29,115.8262,0.35088874487529953,114.4617142857143,110.07845
2022-08-01,118.4285,2.2467282877276507,115.17872857142858,110.58590333333333
2022-08-02,119.6709,1.049071802817747,115.976,111.07926333333334
2022-08-03,119.3671,-0.25386288563051806,116.69628571428572,111.58244
2022-08-04,119.5351,0.14074229833849206,117.49611428571428,112.04752333333334
2022-08-05,119.5001,-0.0292801026643974,118.24987142857142,112.47876
2022-08-08,120.8529,1.132049261883461,119.02582857142859,112.91575666666667
2022-08-10,121.7895,0.7749917461641331,119.87772857142856,113.38055000000001
2022-08-11,122.0436,0.2086386757478964,120.39417142857143,113.86434333333334
2022-08-12,122.1465,0.08431413035996371,120.74782857142858,114.35773666666667
2022-08-16,122.5798,0.35473795810767594,121.20678571428572,114.86869333333333
2022-08-17,122.7003,0.09830330935438614,121.65895714285715,115.35583666666666
2022-08-18,123.1031,0.3282795559587104,122.17367142857144,115.82921000000002
2022-08-19,121.8963,-0.9803164989346302,122.32272857142857,116.24398333333333
2022-08-22,121.1594,-0.6045302441501477,122.2327142857143,116.61276666666667
2022-08-23,122.1378,0.8075312357109565,122.24617142857143,117.00667666666666
2022-08-24,122.9131,0.6347748199165171,122.35568571428571,117.39133
2022-08-25,123.2572,0.27995388611954386,122.45245714285714,117.81584666666667
2022-08-26,123.6562,0.32371334088394654,122.58901428571428,118.24813333333333
2022-08-29,123.2418,-0.33512270310748216,122.60882857142857,118.67111666666666
2022-08-30,124.7127,1.1935073976524269,123.01117142857142,119.12158333333333
2022-09-01,124.8265,0.09124972837568635,123.53504285714284,119.55139333333334
2022-09-02,126.1091,1.0275061785758544,124.10237142857143,119.99487666666667
2022-09-05,126.9883,0.6971741135255005,124.68454285714286,120.46159333333334
2022-09-06,127.812,0.6486424339880115,125.33522857142857,120.94167999999999
2022-09-07,128.9903,0.9219009169717962,126.09724285714285,121.43835666666668
2022-09-08,129.8388,0.6578014005704347,127.03967142857141,121.95548000000001
2022-09-09,130.1662,0.25215883079634516,127.81874285714285,122.49647666666667
2022-09-12,131.2711,0.848837870353436,128.7394,123.06472000000001
2022-09-13,130.9984,-0.20773803220967002,129.43787142857144,123.58395999999999
2022-09-14,131.5105,0.39092080513960514,130.0839,124.10677
2022-09-15,130.8477,-0.503990175689395,130.51757142857144,124.52074333333333
2022-09-16,128.0029,-2.1741306878149125,130.3765142857143,124.79847666666666
2022-09-19,127.8166,-0.1455435775283398,130.08762857142858,125.08012666666667
2022-09-20,128.8983,0.8462907008948806,129.90650000000002,125.39223333333332
2022-09-21,128.623,-0.21357923261984268,129.5282,125.69633
2022-09-22,128.606,-0.013216920768444052,129.1864285714286,125.95476666666667
2022-09-23,126.9671,-1.2743573394709329,128.53737142857142,126.12735333333333
2022-09-26,123.8437,-2.4600073562363822,127.5368,126.18735666666666
2022-09-27,124.6406,0.6434723768750539,127.05647142857143,126.27049333333333
2022-09-28,124.4319,-0.16744142759261837,126.57294285714285,126.33223
2022-09-29,125.2023,0.619133839473629,126.04494285714286,126.41563
2022-09-30,126.7384,1.2268943941125654,125.77571428571427,126.53680666666666
2022-10-03,127.1351,0.3130069497484511,125.56558571428572,126.71143333333333
2022-10-04,128.2436,0.871907128715832,125.74794285714286,126.94757333333334
2022-10-06,128.8844,0.4996740578087522,126.46804285714286,127.17246
2022-10-07,129.3889,0.391436046565774,127.14637142857143,127.38832
2022-10-10,128.2879,-0.8509230699078496,127.69722857142858,127.55600999999999
2022-10-11,127.5503,-0.5749567963931224,128.03265714285715,127.68581333333333
2022-10-12,127.8117,0.20493875749409973,128.18598571428572,127.83814333333333
2022-10-13,127.0832,-0.5699791177177005,128.17857142857142,127.91716
2022-10-14,127.3371,0.19979037355055684,128.0490714285714,128.00084666666666
2022-10-17,127.4936,0.12290212357592978,127.85038571428572,128.04699666666664
2022-10-18,128.0846,0.4635526802913903,127.66405714285715,128.08354
2022-10-19,128.6649,0.45305993070203776,127.71791428571429,128.11196999999999
2022-10-20,128.7159,0.0396378499497585,127.88442857142857,128.10282333333333
2022-10-21,127.685,-0.8009111539444613,127.86632857142857,128.03103
2022-10-25,128.1443,0.3597133570897082,128.01791428571428,127.96363333333332
2022-10-27,128.5742,0.3354811723970563,128.19464285714284,127.87373666666666
2022-10-28,127.8495,-0.563643405908798,128.2454857142857,127.76877333333333
2022-10-31,127.6411,-0.16300415723174977,128.18212857142856,127.63979333333333
2022-11-01,127.8603,0.17173151907967643,128.0671857142857,127.54021333333334
2022-11-02,128.4568,0.46652479307494055,128.03017142857144,127.55534333333334
2022-11-03,128.4345,-0.017359921779125376,128.13724285714287,127.57594
2022-11-04,128.615,0.14053856245790364,128.2044857142857,127.56649666666665
2022-11-07,128.9903,0.29180111184541335,128.26392857142858,127.57874
2022-11-09,128.443,-0.4242954702795343,128.3487142857143,127.57330666666667
2022-11-10,127.722,-0.5613384925609144,128.36027142857142,127.59846999999999
2022-11-11,127.747,0.01957376176382475,128.3440857142857,127.72858
2022-11-14,127.4932,-0.1986739414624239,128.20642857142857,127.82366666666667
2022-11-15,127.4028,-0.07090574242391012,128.05904285714286,127.92269666666668
2022-11-16,128.1135,0.5578370334089922,127.9874,128.0197366666667
2022-11-17,128.0744,-0.030519812509988142,127.85655714285713,128.06427
2022-11-18,127.4022,-0.5248511802514844,127.70787142857141,128.07317333333333
2022-11-21,127.6535,0.19724934106317704,127.69808571428571,128.05350333333334
2022-11-22,127.4269,-0.17751177993552414,127.65235714285714,128.00492
2022-11-23,127.7493,0.25300780290504754,127.68894285714285,127.95026666666666
2022-11-24,128.2567,0.39718417243772564,127.81092857142856,127.94922666666668
2022-11-25,128.5562,0.23351606582735496,127.87417142857143,127.98275666666665
2022-11-28,129.0166,0.3581313075526671,128.00877142857144,128.02292
2022-11-29,128.544,-0.3663094516519583,128.1718857142857,128.07161333333335
2022-11-30,129.5097,0.7512602688573455,128.43705714285716,128.14403333333334
2022-12-01,130.2758,0.5915387032785935,128.84404285714285,128.23677333333333
2022-12-02,130.6855,0.3144866506288757,129.2635,128.32347
2022-12-05,131.0408,0.2718740793737684,129.66122857142858,128.40266666666668
2022-12-06,130.9286,-0.08562218789873732,130.00014285714286,128.47642333333334
2022-12-07,130.6184,-0.23692302522136943,130.22897142857144,128.57420333333332
2022-12-08,131.3288,0.5438743699203163,130.6268,128.68035333333333
2022-12-09,130.5903,-0.5623290550130555,130.7811714285714,128.74755666666667
2022-12-12,130.6256,0.027031104147834384,130.83114285714285,128.84009333333333
2022-12-13,131.0784,0.3466395561053881,130.88727142857144,128.95467
2022-12-14,131.9951,0.6993524486109237,131.02360000000002,129.09249666666668
2022-12-15,130.9591,-0.7848776204571251,131.02795714285713,129.17590666666666
2022-12-16,129.8891,-0.8170489870501507,130.92377142857143,129.22439333333332
2022-12-19,129.9222,0.02548327765763414,130.72282857142858,129.26796666666667
2022-12-20,130.2814,0.27647315085488344,130.6787,129.31100333333333
2022-12-21,128.1564,-1.6310847135508233,130.32595714285713,129.30145000000002
2022-12-22,125.9663,-1.7089275291752748,129.59565714285716,129.24292666666668
2022-12-23,122.5751,-2.6921486143516193,128.24994285714286,129.07053
2022-12-26,125.3049,2.227042849648897,127.4422,128.99758666666668
2022-12-27,126.32,0.8101039943370081,126.93232857142857,128.96149333333332
2022-12-28,126.6449,0.2572039265357873,126.46414285714286,128.91253999999998
2022-12-29,127.0211,0.29705104587709474,125.99838571428572,128.87743
2022-12-30,127.3348,0.24696684251670487,125.8810142857143,128.87518333333333
2023-01-02,127.8404,0.39706348932107005,126.14874285714286,128.88141333333334
2023-01-03,127.7046,-0.10622620079411282,126.88152857142857,128.89067
2023-01-04,126.7266,-0.765829891797154,127.08462857142857,128.85658
2023-01-05,126.7327,0.004813511922518998,127.1435857142857,128.80578
2023-01-06,125.7185,-0.8002670186936678,127.01124285714286,128.71119
2023-01-09,126.4462,0.5788328686708866,126.92911428571429,128.62551
2023-01-10,125.8004,-0.5107310460891745,126.70991428571428,128.5340566666667
2023-01-11,125.908,0.08553231945209738,126.43385714285715,128.41400000000002
2023-01-12,126.1964,0.2290561362264576,126.2184,128.27802
2023-01-13,126.0588,-0.10903639089545614,126.12300000000002,128.12379666666666
2023-01-16,125.9832,-0.059972013060582974,126.01592857142857,127.95521
2023-01-17,125.8074,-0.13954241517916133,126.02862857142857,127.78450333333333
2023-01-18,125.7186,-0.07058408328922683,125.92468571428572,127.62117666666668
2023-01-19,125.5433,-0.13943839654593226,125.88795714285713,127.42832666666666
2023-01-20,124.805,-0.5880839519114112,125.73038571428572,127.23548333333333
2023-01-23,124.425,-0.3044749809703262,125.47732857142856,127.02879666666666
2023-01-24,124.1328,-0.23484026522000434,125.20218571428573,126.79727666666666
2023-01-25,123.7522,-0.30660711753863756,124.88347142857143,126.52251333333334
2023-01-27,122.6962,-0.8533181632326525,124.4390142857143,126.24708333333334
2023-01-30,122.3633,-0.2713205461945978,123.95968571428571,125.99622333333333
2023-01-31,124.3138,1.5940236982820766,123.78404285714286,125.80927666666666
2023-02-01,123.4784,-0.6720090609409479,123.59452857142857,125.58251
2023-02-02,124.0083,0.4291438826547811,123.535,125.44424
2023-02-03,124.2907,0.22772669248751765,123.55755714285715,125.38838666666666
2023-02-06,123.9921,-0.24024323621960608,123.59182857142858,125.43562
2023-02-07,124.4182,0.3436509261477205,123.83782857142856,125.40606333333334
2023-02-08,125.1117,0.5573943361983913,124.23045714285715,125.36578666666666
2023-02-09,124.7379,-0.29877301643251863,124.29104285714286,125.30222
2023-02-10,125.1702,0.3465666810167578,124.53272857142858,125.24052333333333
2023-02-13,124.4056,-0.6108482689969219,124.58948571428571,125.14288333333334
2023-02-14,124.0916,-0.2524002134952186,124.56104285714287,125.01792333333334
2023-02-15,124.4506,0.28930241853597494,124.62654285714284,124.90945666666667
2023-02-16,124.9714,0.4184793002203424,124.70557142857142,124.85095000000001
2023-02-17,125.1119,0.11242572300542708,124.70559999999999,124.79692333333334
2023-02-20,124.9814,-0.10430662470957142,124.74038571428571,124.77235333333334
2023-02-21,124.5172,-0.371415266591657,124.6471,124.70805333333332
2023-02-22,123.392,-0.9036502587594364,124.5023,124.62777333333332
2023-02-23,123.0513,-0.27611190352696546,124.35368571428572,124.53254999999999
2023-02-24,123.1777,0.10272138530840191,124.17184285714286,124.43192666666667
2023-02-27,122.0552,-0.9112850783867588,123.75524285714286,124.29847333333332
2023-02-28,122.8701,0.6676487359817518,123.43498571428572,124.19470333333334
2023-03-01,123.665,0.6469433979462869,123.24692857142858,124.12329
2023-03-02,123.3993,-0.2148546476367641,123.08722857142857,124.04598
2023-03-03,123.9481,0.4447350997939248,123.16667142857143,123.99280666666667
2023-03-06,124.8339,0.7146539559702791,123.42132857142857,123.99377000000001
2023-03-08,124.7469,-0.06969260753689754,123.6455,124.00450000000001
2023-03-09,124.5502,-0.15767926898383466,124.00192857142858,124.01841333333333
2023-03-10,124.211,-0.27233998821358796,124.19348571428573,124.03370666666666
2023-03-13,122.7771,-1.15440661455104,124.06664285714285,124.03640333333333
2023-03-14,121.7529,-0.8341946503053199,123.83144285714286,124.01605666666666
2023-03-15,121.8605,0.08837571836071145,123.53321428571428,123.93428
2023-03-16,120.9417,-0.7539768834035621,122.97718571428571,123.84972333333333
2023-03-17,121.446,0.4169777669736696,122.50562857142857,123.76431333333333
2023-03-20,120.3344,-0.9153039210842651,121.90337142857142,123.63243666666668
2023-03-21,120.9953,0.5492195083035334,121.44398571428572,123.53254333333334
2023-03-22,121.4156,0.3473688647410267,121.24948571428571,123.43245666666667
2023-03-23,121.7065,0.2395902997637922,121.24285714285715,123.31895000000002
2023-03-24,120.2745,-1.1766010853980657,121.01628571428571,123.17017000000001
2023-03-27,119.383,-0.7412211233470134,120.79361428571428,122.97726333333334
2023-03-28,118.3058,-0.902306023470667,120.3450142857143,122.77393666666667
2023-03-29,120.0371,1.463410923217623,120.30254285714285,122.63878666666666
2023-03-31,121.7144,1.3973179958529425,120.40527142857142,122.54758
2023-04-03,122.1271,0.33907245157516197,120.50691428571429,122.45277
2023-04-05,122.6212,0.40457850878306,120.6375857142857,122.36974666666667
2023-04-06,122.7811,0.1304015945040371,120.99567142857143,122.29640333333332
2023-04-10,122.9416,0.1307204447590138,121.50404285714286,122.24388333333333
2023-04-11,123.2215,0.22766907214484267,122.20628571428571,122.2382
2023-04-12,123.6808,0.3727433929955337,122.72681428571427,122.25918333333334
2023-04-13,123.9911,0.2508877691606015,123.05205714285715,122.28629666666666
2023-04-17,124.2728,0.22719372600130683,123.35858571428571,122.36021666666667
2023-04-18,124.3244,0.04152155580303685,123.6019,122.40869333333333
2023-04-19,124.6246,0.24146507041256093,123.86525714285713,122.44068
2023-04-20,125.3792,0.6054984328936586,124.21348571428572,122.50667666666666
2023-04-21,125.2284,-0.12027513335545192,124.50018571428572,122.54935333333333
2023-04-24,125.372,0.11467047410971265,124.74178571428571,122.56729
2023-04-25,125.3949,0.018265641451042924,124.94232857142856,122.58888999999999
2023-04-26,125.8618,0.37234369180882965,125.16932857142857,122.63261000000001
2023-04-27,126.338,0.378351493463458,125.45698571428571,122.70351
2023-04-28,127.1712,0.6595007044594592,125.82078571428572,122.84998
2023-05-02,127.3545,0.14413640824337826,126.10297142857142,123.03670000000001
2023-05-03,127.493,0.10875155569689543,126.42648571428572,123.22444999999999
2023-05-04,128.1846,0.5424611547300673,126.82828571428571,123.46588
2023-05-05,127.7371,-0.34910589883651033,127.16288571428572,123.67558333333334
2023-05-08,128.9877,0.9790421107102043,127.60944285714285,123.96402666666667
2023-05-09,128.8274,-0.12427541540780407,127.96507142857142,124.22509666666666
2023-05-10,129.4546,0.4868529520893672,128.29127142857143,124.49306333333334
2023-05-11,130.2851,0.6415376510375159,128.70992857142855,124.77901666666666
2023-05-12,130.1433,-0.10883823246096158,129.08854285714284,125.10797666666666
2023-05-15,130.5259,0.2939836318888389,129.4230142857143,125.47940666666666
2023-05-16,130.8127,0.21972650638686364,129.86238571428572,125.89630333333334
2023-05-17,130.5682,-0.18690845766505815,130.08817142857143,126.24734
2023-05-18,130.6447,0.058590070170239095,130.34778571428572,126.54501666666667
2023-05-19,130.2383,-0.3110727032937355,130.45974285714286,126.81539
2023-05-22,131.1264,0.6819038639171326,130.57992857142855,127.09889666666666
2023-05-23,130.87,-0.19553652048709402,130.68374285714285,127.36852666666667
2023-05-24,130.9864,0.08894322610224492,130.74952857142858,127.63668666666668
2023-05-25,131.1635,0.13520487623142063,130.79964285714286,127.90141999999999
2023-05-26,131.5821,0.3191436642053569,130.94448571428572,128.16479666666666
2023-05-29,131.7139,0.10016560003223152,131.09722857142856,128.42222333333333
2023-05-30,131.9012,0.14220215178504247,131.33478571428572,128.67650333333333
2023-05-31,132.2913,0.29575166867323865,131.50119999999998,128.94206666666668
2023-06-01,132.3341,0.032352845576388845,131.71035714285713,129.19905
2023-06-02,132.614,0.21151010963915695,131.94287142857144,129.44021
2023-06-05,133.1177,0.3798241512962486,132.22204285714287,129.70318666666668
2023-06-06,133.5734,0.3423286309784279,132.5065142857143,129.97656666666666
2023-06-07,134.9855,1.0571715626015443,132.9738857142857,130.29625333333334
2023-06-08,134.5646,-0.31181126861773434,133.35437142857145,130.58634666666666
2023-06-09,134.1118,-0.3364926585446848,133.61444285714285,130.84547333333333
2023-06-12,134.7018,0.4399314601698068,133.9526857142857,131.09649333333334
2023-06-13,135.9844,0.9521773279941304,134.43417142857143,131.38415666666666
2023-06-14,136.5423,0.4102676483479062,134.9234,131.6858
2023-06-15,136.6775,0.09901693467884165,135.36684285714287,131.96889666666667
2023-06-16,137.2618,0.4275026979568608,135.69202857142858,132.2863866666667
2023-06-19,137.0258,-0.17193421622038185,136.04362857142857,132.55432333333334
2023-06-20,137.3878,0.26418382523583084,136.5116285714286,132.83966999999998
2023-06-21,137.8518,0.3377301332432747,136.96162857142858,133.11957666666666
2023-06-22,137.2514,-0.4355401960656313,137.1426285714286,133.35178666666667
2023-06-23,136.3524,-0.6550024262047649,137.1155,133.55875666666668
2023-06-26,137.1738,0.6024096385542244,137.1864,133.78035333333335
2023-06-27,137.5173,0.250412250735943,137.2229,134.00384
2023-06-28,137.561,0.03177781995429285,137.29935714285713,134.23693333333333
2023-06-30,138.0883,0.3833208540211297,137.3994285714286,134.48505333333335
2023-07-03,138.6742,0.42429373089538647,137.5169142857143,134.76625
2023-07-04,138.2876,-0.27878293150421785,137.66494285714288,135.0049566666667
2023-07-05,138.9579,0.48471446463747014,138.03715714285713,135.27455333333333
2023-07-06,139.6278,0.4820884598860653,138.38772857142857,135.5626
2023-07-07,139.5112,-0.08350772553890051,138.67257142857144,135.84085666666667
2023-07-10,139.4743,-0.02644948935999203,138.9459,136.10393000000002
2023-07-11,139.9054,0.30908920137975304,139.20548571428571,136.37698
2023-07-12,140.8036,0.6420052406840737,139.50968571428572,136.67372666666668
2023-07-13,140.3448,-0.32584394149013374,139.80357142857142,136.94217666666665
2023-07-14,141.0983,0.5368919974234831,140.10934285714285,137.23431666666664
2023-07-17,142.205,0.784346799359037,140.47751428571428,137.55401666666666
2023-07-18,141.8948,-0.2181357898808134,140.81802857142858,137.84658666666667
2023-07-19,142.4317,0.37837891170078297,141.24051428571428,138.14186333333333
2023-07-20,143.0615,0.4421768468676479,141.6913857142857,138.41106333333335
2023-07-21,142.8064,-0.17831492050621733,141.9775,138.68579
2023-07-24,143.1832,0.2638537208416558,142.38298571428572,138.98817
2023-07-25,143.1863,0.0021650584705490417,142.68127142857142,139.2709866666667
2023-07-26,143.6188,0.3020540372926872,142.88324285714285,139.52546666666666
2023-07-27,143.8359,0.1511640537311454,143.16054285714284,139.76858666666666
2023-07-28,144.5824,0.51899421493522,143.46778571428572,140.03208333333336
2023-07-31,146.1582,1.089897525563277,143.91017142857143,140.32863
2023-08-01,146.7457,0.4019617099827455,144.47292857142858,140.65262666666666
2023-08-02,145.4234,-0.9010826211602874,144.79295714285715,140.92048000000003
2023-08-03,145.0795,-0.2364818866839813,145.0634142857143,141.16140333333334
2023-08-04,145.7129,0.4365882154267142,145.36257142857144,141.4434533333333
2023-08-07,145.7272,0.009813818817705489,145.63275714285714,141.75594666666666
2023-08-08,145.5002,-0.1557705081824179,145.76387142857143,142.03349333333335
2023-08-09,146.3293,0.5698273954262589,145.78831428571428,142.32722666666666
2023-08-10,145.4723,-0.585665345217945,145.60639999999998,142.59093666666666
2023-08-11,145.5881,0.07960278348524419,145.62992857142856,142.84093
2023-08-14,145.3391,-0.17103046196770277,145.6670142857143,143.06309333333334
2023-08-16,145.847,0.3494586109312747,145.68617142857144,143.31507333333332
2023-08-17,145.501,-0.23723491055696044,145.65385714285713,143.5331766666667
2023-08-18,145.4976,-0.0023367536992835447,145.65348571428572,143.72883666666667
2023-08-21,145.9692,0.3241290577988831,145.60204285714286,143.94410333333335
2023-08-22,147.4207,0.9943878571643916,145.88038571428572,144.20898333333335
2023-08-23,147.6666,0.16680154143886572,146.1773142857143,144.46769
2023-08-24,147.6233,-0.02932281233534173,146.50362857142858,144.69501333333332
2023-08-25,147.0885,-0.3622734351555579,146.68098571428573,144.91980333333333
2023-08-28,148.1074,0.6927122106758832,147.05332857142858,145.15344000000002
2023-08-29,148.5692,0.31180076079924124,147.49212857142857,145.36558000000002
2023-08-30,149.2884,0.4840841843396948,147.96630000000002,145.61203333333333
2023-08-31,150.2306,0.6311274017271273,148.3677142857143,145.8719966666667
2023-09-01,150.4126,0.12114708987382983,148.76000000000002,146.11703333333335
2023-09-04,151.5748,0.7726746296520481,149.3245,146.40931333333336
2023-09-05,151.7655,0.12581247014675778,149.99264285714284,146.69539
2023-09-06,151.6147,-0.09936382115830478,150.4936857142857,146.97633666666667
2023-09-07,153.151,1.0132922467280592,151.14822857142858,147.29407666666665
2023-09-08,153.8431,0.45190694151522326,151.7989,147.62765
2023-09-11,154.9908,0.7460198084932035,152.47892857142855,147.97459666666666
2023-09-12,151.6583,-2.150127620478126,152.6568857142857,148.15793333333332
2023-09-13,151.9055,0.1629980027469502,152.70412857142858,148.3299266666667
2023-09-14,153.1389,0.8119521676305475,152.9003285714286,148.58711
2023-09-15,153.193,0.035327405381657684,153.1258,148.85756
2023-09-18,152.7061,-0.3178343658000182,153.06224285714285,149.09066666666666
2023-09-20,152.9313,0.14747282525060523,152.9319857142857,149.33080333333334
2023-09-21,150.8272,-1.3758465402438746,152.33718571428568,149.50836999999999
2023-09-22,151.2597,0.2867519916831984,152.28024285714287,149.67271666666667
2023-09-25,151.1966,-0.041716332902963504,152.17897142857143,149.86352666666664
2023-09-26,151.1526,-0.02910118349220836,151.89521428571427,150.04901
2023-09-27,151.7553,0.39873611171756806,151.68982857142856,150.26288333333332
2023-09-29,151.2497,-0.3331679354856232,151.48177142857142,150.44297333333333
2023-10-03,151.7295,0.31722376970004795,151.31008571428575,150.65059000000002
2023-10-04,150.848,-0.5809681044226633,151.31305714285713,150.8289366666667
2023-10-05,151.0584,0.13947815019090815,151.2843,150.99857666666668
2023-10-06,151.72,0.437976305852561,151.35907142857144,151.14188666666666
2023-10-09,149.6845,-1.3416161349854905,151.14934285714284,151.20915
2023-10-10,150.8563,0.7828465873219947,151.0209142857143,151.31691666666669
2023-10-11,151.7229,0.5744539671197035,151.0885142857143,151.47139666666666
2023-10-12,152.0191,0.19522432012570867,151.12988571428573,151.60178666666667
2023-10-13,151.9922,-0.01769514488640933,151.29334285714285,151.71588666666668
2023-10-16,152.9747,0.6464147502306172,151.5671,151.83876333333333
2023-10-17,153.4866,0.33463049772282094,151.81947142857143,151.9472966666667
2023-10-18,153.6252,0.09030104256657623,152.3824285714286,152.05438333333333
2023-10-19,153.637,0.007681031497441815,152.77967142857142,152.12312333333333
2023-10-20,152.8916,-0.4851695880549567,152.9466285714286,152.16066
2023-10-23,148.0186,-3.1872254590834426,152.37512857142858,152.04079000000002
2023-10-25,146.7862,-0.8325980653782539,151.6314142857143,151.82863
2023-10-26,145.453,-0.9082597682888438,150.55688571428573,151.54896000000002
2023-10-27,147.2793,1.2555945906925325,149.6701285714286,151.29190999999997
2023-10-30,147.1974,-0.05560862931859312,148.75187142857143,151.14321333333334
2023-10-31,147.5626,0.2481022083270501,147.8841,150.99845
2023-11-01,147.1546,-0.27649282406247977,147.06452857142858,150.79897333333332
2023-11-02,147.8192,0.45163385989972493,147.03604285714283,150.61984666666663
2023-11-03,148.7205,0.6097313474839439,147.31237142857142,150.48699333333334
2023-11-06,149.592,0.585998567783208,147.90365714285713,150.3756833333333
2023-11-07,150.0494,0.30576501417187707,148.29938571428573,150.34975666666668
2023-11-08,150.5331,0.32236050260781024,148.77591428571426,150.32553666666666
2023-11-09,150.3998,-0.08855195302560626,149.1812285714286,150.29897666666668
2023-11-10,150.5781,0.11855068956210246,149.6703,150.27982666666668
2023-11-13,151.314,0.488716486660401,150.16955714285717,150.26511666666667
2023-11-15,152.7398,0.9422789695599842,150.74374285714288,150.31478666666666
2023-11-16,152.8377,0.06409593308358552,151.2074142857143,150.35172666666665
2023-11-17,153.408,0.3731409200740332,151.6872142857143,150.43706
2023-11-20,153.9873,0.3776204630788538,152.18067142857143,150.53468999999998
2023-11-21,154.9701,0.6382344518021998,152.83357142857145,150.64302666666669
2023-11-22,154.4341,-0.34587317166343556,153.38442857142857,150.80134666666666
2023-11-23,154.3926,-0.026872303461489278,153.8242285714286,150.91922333333332
2023-11-24,154.683,0.18809191632240818,154.10182857142857,151.01789333333332
2023-11-28,155.6451,0.6219817303776187,154.5028857142857,151.13875999999996
2023-11-29,155.7105,0.042018669395949004,154.83181428571427,151.26270333333332
2023-11-30,157.4314,1.1051920069616417,155.32382857142855,151.41126
2023-12-01,157.4176,-0.008765722721137958,155.67347142857145,151.54229333333333
2023-12-04,158.8101,0.8845897790336066,156.2986142857143,151.7151233333333
2023-12-05,159.5041,0.43699991373344904,157.0288285714286,151.9106933333333
2023-12-06,159.4849,-0.01203730813188475,157.71481428571428,152.13047
2023-12-07,159.9568,0.29589008112991255,158.3307714285714,152.52840999999998
2023-12-08,159.5553,-0.251005271423288,158.88002857142857,152.95404666666667
2023-12-11,159.7954,0.15048074241346132,159.21774285714287,153.43212666666665
2023-12-12,159.4436,-0.22015652515654516,159.5071714285714,153.83760333333333
2023-12-13,159.9402,0.31145809552719506,159.66861428571428,154.26236333333333
2023-12-14,161.0609,0.7006993863956756,159.8910142857143,154.71230666666668
2023-12-15,161.5428,0.29920359317501255,160.185,155.19191333333336
2023-12-18,161.4356,-0.06636012251861612,160.39625714285714,155.64579333333333
2023-12-19,161.0618,-0.2315474405893081,160.6114714285714,156.05717
2023-12-20,157.127,-2.4430373931000338,160.23027142857146,156.30833666666666
2023-12-21,158.6327,0.9582694253692736,160.11442857142856,156.59444666666664
2023-12-22,159.2023,0.3590684644464881,160.0090142857143,156.88342
2023-12-26,159.3241,0.07650643238192867,159.7609,157.18089666666665
2023-12-27,159.8029,0.30051950709277797,159.51234285714284,157.48839
2023-12-28,159.9625,0.09987303109018075,159.3019,157.77667333333332
2023-12-29,161.2357,0.7959365476283509,159.32674285714285,158.05987000000002
2024-01-01,161.4272,0.1187702227236187,159.94105714285715,158.34618666666668
2024-01-02,162.0646,0.3948529120247457,160.43132857142857,158.63474
2024-01-03,162.106,0.02554536894545656,160.84614285714287,158.90536333333333
2024-01-04,162.7609,0.40399491690621403,161.33711428571428,159.16505666666666
2024-01-05,163.7499,0.6076397955528723,161.90097142857144,159.47558333333333
2024-01-08,162.5916,-0.707359210601044,162.27655714285714,159.74888333333334
2024-01-09,162.8311,0.1473015826155777,162.50447142857143,160.02048666666667
2024-01-10,162.7562,-0.04599858380861521,162.69432857142854,160.25752333333335
2024-01-11,163.7165,0.5900236058595576,162.9303142857143,160.52439
2024-01-12,164.2106,0.3018022007555743,163.23097142857142,160.75036333333335
2024-01-15,165.0183,0.49186836903343245,163.55345714285713,161.00372000000002
2024-01-16,164.4321,-0.3552333286671927,163.65091428571426,161.19112
2024-01-17,162.9031,-0.9298671001586656,163.6954142857143,161.30442
2024-01-18,162.2609,-0.3942220866269608,163.61395714285715,161.39695333333333
2024-01-19,162.8323,0.35214891572770135,163.6248285714286,161.49280333333334
2024-01-23,161.1305,-1.0451243395812715,163.2554,161.54531
2024-01-24,162.9044,1.1009088906197118,163.0688,161.64894333333334
2024-01-25,163.0642,0.09809434244869575,162.78964285714287,161.76963000000003
2024-01-29,164.243,0.7229054568691273,162.7626285714286,161.91305666666668
2024-01-30,163.8854,-0.2177261740226366,162.90295714285713,162.00720666666666
2024-01-31,167.0853,1.9525229215048956,163.59215714285716,162.19195666666667
2024-02-01,166.5191,-0.3388688292746189,164.11884285714288,162.36140666666668
2024-02-02,166.8172,0.17901850298254196,164.9312285714286,162.55325333333334
2024-02-05,165.8049,-0.6068319094194141,165.34558571428573,162.84251666666665
2024-02-06,168.0277,1.3406117672035034,166.05465714285717,163.15568333333334
2024-02-07,168.7067,0.4041000382674964,166.69232857142856,163.47249666666667
2024-02-08,168.6894,-0.010254483076255205,167.3786142857143,163.78467333333336
2024-02-09,168.0813,-0.36048500972793995,167.5209,164.06062
2024-02-12,165.3607,-1.61862146473164,167.3554142857143,164.24056000000002
2024-02-13,166.3553,0.6014730223081965,167.28942857142857,164.41121333333334
2024-02-14,168.0551,1.02178890603426,167.61088571428573,164.63214333333332
2024-02-15,168.783,0.4331317526216072,167.71878571428573,164.85609000000002
2024-02-16,169.6879,0.536132193408112,167.85895714285715,165.10882
2024-02-19,169.6421,-0.026990728272324738,167.99505714285715,165.33819333333335
2024-02-20,169.7975,0.09160461937220976,168.24022857142856,165.53978
2024-02-21,169.2609,-0.31602349857919876,168.79739999999998,165.76209
2024-02-22,169.453,0.11349342937441165,169.2399285714286,165.98282000000003
2024-02-23,170.7513,0.7661711507025437,169.6251,166.24932333333334
2024-02-26,170.7723,0.012298588649106712,169.90928571428572,166.48451666666668
2024-02-27,171.1506,0.22152304559930336,170.11824285714286,166.71585
2024-02-28,169.6781,-0.860353396365543,170.1233857142857,166.87117666666666
2024-02-29,169.9634,0.1681419110657112,170.14708571428568,167.05555333333334
2024-03-01,171.3862,0.8371214037845798,170.4507,167.33832333333336
2024-03-04,172.0116,0.3649068594787641,170.8162142857143,167.66334666666668
2024-03-05,171.4449,-0.32945452515993345,170.91530000000003,167.95043333333334
2024-03-06,168.7803,-1.5542019622630798,170.63072857142856,168.20542666666668
2024-03-07,169.9846,0.7135311407788558,170.46415714285715,168.44143333333332
2024-03-11,168.4794,-0.8854919798617078,170.2929142857143,168.62194
2024-03-12,166.2062,-1.3492450709107429,169.75617142857143,168.68738
2024-03-13,160.5835,-3.3829664597349596,168.21292857142856,168.5773166666667
2024-03-14,162.5619,1.232007024382975,166.86297142857143,168.4265366666667
2024-03-15,162.6157,0.03309508562583385,165.60165714285716,168.29642333333334
2024-03-18,163.1055,0.3012009295535467,164.7909714285714,168.1727
2024-03-19,162.3885,-0.4395927789069165,163.70581428571427,168.05882
2024-03-20,162.0769,-0.19188550913395996,162.79117142857143,167.86046
2024-03-21,165.0148,1.8126580653998303,162.62097142857144,167.73739666666668
2024-03-22,166.5897,0.9543992417649694,163.479,167.66740666666666
2024-03-26,166.3844,-0.12323691080540211,164.02507142857144,167.61084333333335
2024-03-27,167.1819,0.47931176240081363,164.67738571428572,167.67155
2024-03-28,167.8139,0.378031353872621,165.35001428571428,167.72017
2024-03-31,167.8136,-0.00017876945830330726,166.12502857142857,167.71212000000003
2024-04-01,171.3184,2.088507725237987,167.44524285714286,167.79663333333332
2024-04-02,172.3272,0.588845097782853,168.48987142857143,167.88461
2024-04-03,173.6926,0.7923299397889494,169.5045714285714,168.01962666666665
2024-04-04,174.6364,0.5433737534011218,170.68342857142858,168.18092333333334
2024-04-05,175.3538,0.41079637463896645,171.85084285714285,168.38402
2024-04-08,175.5646,0.12021410428517676,172.95808571428572,168.58774
2024-04-09,175.3061,-0.14723924982600334,174.02844285714286,168.73956666666666
2024-04-10,176.9202,0.9207323647038024,174.8287,168.94449666666665
2024-04-12,175.8047,-0.630510252644978,175.32548571428575,169.09963333333334
2024-04-15,174.1554,-0.938143291959781,175.39159999999998,169.24887666666666
2024-04-16,174.6419,0.27934821429598244,175.39238571428572,169.40482666666665
2024-04-18,174.7465,0.05989398878505359,175.30562857142857,169.51683666666665
2024-04-19,175.6445,0.5138872595445321,175.3170428571428,169.63793333333334
2024-04-22,177.2586,0.9189584643982673,175.59597142857143,169.83172333333334
2024-04-23,178.2084,0.5358273167000105,175.78,170.14599333333334
2024-04-24,179.5328,0.7431748447323416,176.3125857142857,170.46426666666667
2024-04-25,180.4345,0.5022480571795329,177.2096,170.86277
2024-04-26,180.425,-0.0052650684874588904,178.03575714285714,171.33673000000002
2024-04-29,181.053,0.34806706387695563,178.93668571428572,172.01904666666667
2024-04-30,181.4347,0.2108222454198394,179.76385714285718,172.64813999999998
2024-05-02,181.828,0.21677220509639383,180.4166285714286,173.28855000000001
2024-05-03,180.5829,-0.6847680225267827,180.75584285714285,173.87113
2024-05-06,179.8196,-0.42268675494744334,180.7968142857143,174.45216666666667
2024-05-07,178.2565,-0.8692600806586293,180.4856714285714,174.99148666666667
2024-05-08,179.0846,0.46455528970892335,180.29418571428573,175.46048000000002
2024-05-09,174.9782,-2.2929944841711736,179.42635714285714,175.74009666666663
2024-05-10,175.7796,0.45799991084602976,178.6184857142857,176.05327
2024-05-13,175.8048,0.014336134568515568,177.75802857142858,176.34070000000003
2024-05-14,177.7655,1.1152710278672817,177.35554285714286,176.67242
2024-05-15,179.5407,0.998618967122411,177.31570000000002,177.06332333333333
2024-05-16,181.9138,1.321761583863723,177.83817142857146,177.4165033333333
2024-05-17,183.6697,0.9652373816609883,178.49318571428572,177.79458666666667
2024-05-21,184.7749,0.6017323488849868,179.89271428571425,178.1639966666667
2024-05-22,185.1718,0.21480190220641848,181.23445714285714,178.51517666666666
2024-05-23,184.8647,-0.16584598734795675,182.52872857142856,178.83220666666665
2024-05-24,184.2296,-0.3435485519950543,183.4521714285714,179.12104
2024-05-27,183.9672,-0.14243096657650112,184.08452857142856,179.40974333333332
2024-05-28,183.2963,-0.3646845742066973,184.28202857142858,179.62228000000002
2024-05-29,183.9199,0.3402141778093837,184.31777142857143,179.89278666666667
2024-05-30,181.9907,-1.0489348895905248,183.92002857142856,180.15396333333334
2024-05-31,183.555,0.8595494165361206,183.68905714285714,180.45106666666666
2024-06-03,186.9155,1.830786412791796,183.98202857142857,180.8567
2024-06-04,178.3591,-4.577683498693252,183.1433857142857,180.94718666666668
2024-06-05,183.0496,2.629806945650648,183.0123,181.14021999999997
2024-06-06,186.5083,1.8894878765099765,183.47115714285715,181.41688333333335
2024-06-07,189.5698,1.641481907239517,184.2782857142857,181.75145000000003
2024-06-10,192.3518,1.4675333307309524,185.75844285714288,182.14869333333334
2024-06-11,193.7358,0.7195149720460092,187.21284285714287,182.59238666666667
2024-06-12,195.4415,0.8804258170147072,188.43084285714284,183.07200333333333
2024-06-13,196.4383,0.5100247388604817,191.0135857142857,183.57212333333334
2024-06-14,198.1281,0.8602192138702058,193.16765714285717,184.11545999999998
2024-06-18,198.2516,0.06233340954664435,194.8452714285714,184.70441666666667
2024-06-19,197.8645,-0.1952569361357015,196.03022857142858,185.3059133333333
2024-06-20,198.7321,0.43848189038457885,196.9417,185.98843333333335
2024-06-21,198.8453,0.05696110492467987,197.67162857142856,186.64712333333333
2024-06-24,198.9645,0.05994609880142221,198.1749142857143,187.4466666666667
2024-06-25,199.2888,0.16299390092202604,198.58212857142857,188.23030666666665
2024-06-26,198.6826,-0.3041816700185884,198.66134285714284,188.9929
2024-06-27,197.541,-0.5745847900118117,198.5598285714286,189.65208333333334
2024-06-28,197.8746,0.1688763345330857,198.56127142857142,190.2632133333333
2024-06-30,197.8755,0.0004548335157839034,198.43890000000002,190.79527000000002
2024-07-01,200.4556,1.3039006850267043,198.66894285714287,191.3548
2024-07-02,200.5912,0.067645902633795,198.90132857142856,191.88200999999998
2024-07-03,202.9049,1.1534404300886703,199.41791428571426,192.47311333333334
2024-07-04,203.5723,0.3289225642160609,200.11644285714286,193.09670000000003
2024-07-05,204.8921,0.6483200317528359,201.1666,193.78545
2024-07-08,203.9505,-0.45955895810526615,202.0345857142857,194.45156
2024-07-09,204.7434,0.38877080468053826,203.01571428571427,195.16646333333333
2024-07-10,204.005,-0.36064654587156797,203.52277142857142,195.83596666666665
2024-07-11,205.3326,0.6507683635205153,204.2001142857143,196.61402999999999
2024-07-12,204.3766,-0.4655860783918442,204.41035714285718,197.30808333333334
2024-07-15,204.2651,-0.054556147817319545,204.50932857142857,197.88640333333333
2024-07-16,204.6439,0.1854452865418521,204.4738714285714,198.7625633333333
2024-07-18,203.6047,-0.507808930537379,204.42447142857142,199.44773333333333
2024-07-19,200.7347,-1.409594179309226,203.8518,199.92194666666668
2024-07-22,202.0355,0.6480195003654154,203.57044285714284,200.33747
2024-07-23,201.7018,-0.1651689925780464,203.05175714285716,200.6491366666667
2024-07-24,204.4677,1.3712817634746077,203.06477142857142,201.00686666666667
2024-07-25,203.7419,-0.35497049167180217,202.99002857142858,201.28354666666667
2024-07-26,205.4205,0.8238855139762746,203.10097142857146,201.58295333333334
2024-07-29,208.2548,1.379755185095921,203.76527142857142,201.92051
2024-07-30,208.6912,0.20955099234207797,204.9019142857143,202.26849666666664
2024-07-31,208.4358,-0.12238177747792012,205.81624285714287,202.62087333333332
2024-08-01,207.8403,-0.2856994815669811,206.69317142857145,202.92448
2024-08-02,206.2035,-0.7875277316285789,206.9411428571429,203.16975333333332
2024-08-05,199.5619,-3.2208958625823403,206.34400000000002,203.18966666666665
2024-08-06,199.0114,-0.27585425875380487,205.4284142857143,203.18042000000003
2024-08-07,202.0034,1.5034314617152544,204.53535714285712,203.29111333333333
2024-08-08,201.0925,-0.4509330040979531,203.44982857142855,203.40949666666668
2024-08-09,201.5699,0.23740318510137026,202.46898571428574,203.53267333333332
2024-08-12,202.1742,0.29979674544662327,201.65954285714287,203.67596333333333
2024-08-13,201.6101,-0.27901680827723263,201.00334285714285,203.71444666666667
2024-08-14,200.5532,-0.5242296888895881,201.14495714285712,203.71318000000002
2024-08-16,202.8471,1.143786287129811,201.69291428571427,203.71125333333336
2024-08-19,204.1016,0.6184461103954542,201.99265714285715,203.72889666666666
2024-08-20,204.2778,0.0863295535164843,202.4477,203.70842
2024-08-21,205.6904,0.6915093074235212,203.03634285714284,203.76641666666666
2024-08-22,206.1419,0.21950465359588112,203.60315714285713,203.81303333333335
2024-08-23,206.3889,0.11982037615836383,204.28584285714285,203.8924966666667
2024-08-26,206.7864,0.19259756702030284,205.17630000000003,203.9409566666667
2024-08-27,207.4904,0.34044792113987477,205.8396285714286,204.04475
2024-08-28,207.8987,0.19678018838462652,206.3820714285714,204.16587
2024-08-29,207.0499,-0.40827576122408615,206.7780857142857,204.24607000000003
2024-08-30,208.4168,0.6601790196469448,207.1675714285714,204.40647333333337
2024-08-31,208.4167,-4.7980776984868356e-05,207.49254285714284,204.66254
2024-09-02,208.3113,-0.0505717632032332,207.76717142857143,204.87173333333334
2024-09-03,209.171,0.4126996471146782,208.10782857142857,205.12070666666665
2024-09-04,208.9043,-0.1275033345922605,208.30981428571428,205.2685933333333
2024-09-05,210.0836,0.5645168625059371,208.62194285714284,205.4799833333333
2024-09-06,209.5018,-0.2769373715987289,208.97221428571427,205.61602666666667
2024-09-09,208.709,-0.3784215696476134,209.01395714285715,205.63116666666664
2024-09-10,211.8353,1.4979229453449427,209.50232857142856,205.73597000000004
2024-09-11,210.1111,-0.8139342215390921,209.75944285714286,205.79181333333332
2024-09-12,211.2842,0.5583236678119441,210.06132857142856,205.90661
2024-09-13,212.6824,0.6617626874134475,210.60105714285714,206.12257333333335
2024-09-16,213.118,0.20481243393906112,211.03454285714287,206.57444333333333
2024-09-17,212.8713,-0.11575746769395545,211.51590000000002,207.03644
2024-09-18,212.1974,-0.3165762599279476,212.01424285714285,207.37624000000002
2024-09-19,211.2903,-0.4274793187852399,211.93638571428573,207.71616666666665
2024-09-20,212.0753,0.37152675726239703,212.21698571428573,208.06634666666665
2024-09-23,213.6607,0.7475646621742271,212.55648571428569,208.44923
2024-09-24,212.9454,-0.33478313980997987,212.59405714285714,208.82707333333332
2024-09-25,213.2071,0.12289535251759354,212.6067857142857,209.24886999999998
2024-09-26,212.393,-0.38183531411477567,212.53845714285714,209.56706666666665
2024-09-27,213.8245,0.6739864308145771,212.77089999999998,209.8911633333333
2024-09-30,213.8541,0.013843128359924961,213.13715714285712,210.21037333333334
2024-10-01,214.2759,0.19723727531995028,213.45152857142855,210.49655666666666
2024-10-03,211.1073,-1.4787477266458793,213.08675714285715,210.66206999999997
2024-10-04,210.645,-0.21898816383896236,212.75812857142859,210.80393999999998
2024-10-07,205.9307,-2.2380308101307977,211.71864285714287,210.77541666666667
2024-10-08,209.7125,1.8364430364195439,211.33571428571432,210.84948666666665
2024-10-09,211.4618,0.834141980091796,210.99818571428574,210.96825666666663
2024-10-10,211.2075,-0.12025812699977267,210.62010000000004,211.10684333333333
2024-10-11,211.8682,0.31282033071742266,210.27614285714284,211.22188999999997
2024-10-14,212.7061,0.3954817192952875,210.50454285714287,211.36487
2024-10-15,214.6767,0.9264426361068168,211.0805,211.57704999999999
2024-10-16,214.6138,-0.02929987278545987,212.32094285714285,211.7584766666667
2024-10-17,212.5836,-0.9459783108076047,212.7311,211.88112
2024-10-18,212.4258,-0.07422962072332062,212.86881428571428,211.95919333333333
2024-10-21,209.1812,-1.5274039217458624,212.57934285714285,211.94850666666667
2024-10-22,204.119,-2.4200071516943145,211.47231428571428,211.79550666666668
2024-10-23,204.1604,0.02028228631338891,210.2515,211.53967666666665
2024-10-24,202.3794,-0.8723533065178146,208.49474285714285,211.28195333333335
2024-10-25,199.0257,-1.6571350641419014,206.26787142857145,210.87333666666666
2024-10-28,198.762,-0.13249545159242926,204.29335714285713,210.40932333333333
2024-10-29,199.6621,0.4528531610670017,202.46997142857143,209.96079333333333
2024-10-30,201.17,0.7552259542496831,201.3255142857143,209.57074999999998
2024-10-31,204.7065,1.757965899488001,201.4094428571429,209.32105333333337
2024-11-04,204.1821,-0.2561716408614356,201.41254285714285,209.08411333333333
2024-11-05,203.8845,-0.14575224762600758,201.62755714285714,208.81108666666668
2024-11-06,205.5932,0.8380725361663011,202.56577142857142,208.54217
2024-11-07,204.9185,-0.3281723325479602,203.44527142857143,208.2746066666667
2024-11-08,202.8558,-1.0065953049627097,203.90151428571428,207.9295633333333
2024-11-11,201.1783,-0.8269420938420202,203.90270000000004,207.55574
2024-11-12,198.665,-1.2492898090897597,203.03962857142855,207.05042333333333
2024-11-13,194.6035,-2.0443963456069247,201.67125714285712,206.40873666666667
2024-11-14,195.8825,0.6572338113137732,200.52811428571428,205.79562333333334
2024-11-18,194.9632,-0.4693119599760043,199.00954285714286,205.2574866666667
2024-11-19,196.9149,1.0010607129960825,197.86617142857145,204.79981666666666
2024-11-21,196.0174,-0.4557806443290846,196.88925714285713,204.46937333333332
2024-11-22,196.9679,0.48490593182033415,196.2877714285714,204.04455333333334
2024-11-25,201.2427,2.170302876763186,196.65601428571426,203.7039166666667
2024-11-26,201.5981,0.17660267925245776,197.65524285714284,203.38360333333333
2024-11-27,202.2303,0.3135942253424062,198.56207142857144,203.06234
2024-11-28,202.2046,-0.012708283575701973,199.59655714285716,202.71229
2024-11-29,203.2298,0.5070112153729545,200.4986857142857,202.33072666666666
2024-11-30,203.2306,0.00039364305826072865,201.52914285714286,201.95128666666668
2024-12-02,203.0662,-0.08089333003986621,202.4003285714286,201.63404
2024-12-03,205.6142,1.254763224997557,203.02482857142857,201.40698666666668
2024-12-04,206.8799,0.6155703253958089,203.77937142857144,201.33027666666666
2024-12-05,206.9634,0.04036158176798921,204.45552857142857,201.42509
2024-12-06,207.7793,0.39422429279767357,205.2519142857143,201.54572000000002
2024-12-09,209.1188,0.6446744213691957,206.09320000000002,201.77036666666666
2024-12-10,210.1936,0.5139662239836973,207.0879142857143,202.14263
2024-12-11,210.4887,0.14039437927699794,208.14827142857143,202.53351999999998
2024-12-12,209.1364,-0.6424572910564752,208.65144285714288,202.84933
2024-12-13,209.4705,0.15975219999959656,209.02152857142855,203.12601333333333
2024-12-16,209.9361,0.22227473558329436,209.4462,203.30033333333333
2024-12-17,209.149,-0.3749236077073004,209.64187142857142,203.46589666666665
2024-12-18,208.9039,-0.1171891809188752,209.61117142857142,203.63321
2024-12-19,208.1814,-0.34585280600314405,209.3237142857143,203.71948333333336
2024-12-20,203.8639,-2.0739124628809225,208.37731428571428,203.68433
2024-12-23,201.8235,-1.0008638115919566,207.33261428571427,203.64992
2024-12-24,201.9117,0.043701551107777625,206.2527857142857,203.67436666666666
2024-12-26,201.1712,-0.36674447295526047,205.00065714285716,203.75790666666666
2024-12-27,202.2744,0.5483886361467238,204.01857142857145,204.01360333333332
2024-12-30,200.9474,-0.6560395185945533,202.88192857142855,204.18243333333334
2024-12-31,202.025,0.5362597376228795,202.00244285714285,204.41782666666666
2025-01-01,204.0133,0.9841851256032541,202.0237857142857,204.65444
2025-01-02,204.958,0.46305804572546183,202.47157142857142,204.95246
2025-01-03,204.7473,-0.1028015495857737,202.8766571428571,205.21177333333333
2025-01-06,199.9325,-2.3515816814189905,202.69970000000004,205.16809999999998
2025-01-07,201.51,0.7890162929988787,202.59050000000002,205.1651633333333
2025-01-08,199.1083,-1.1918515210163183,202.32777142857142,205.06109666666666
2025-01-09,197.3978,-0.8590802091123395,201.66674285714285,204.90087
2025-01-10,194.0951,-1.6731189506671185,200.2498571428571,204.59637999999998
2025-01-13,187.9708,-3.155308918154043,197.8231142857143,204.08772
2025-01-14,189.4394,0.7812915623064853,195.63627142857143,203.63349333333332
2025-01-15,190.2908,0.44943132210089054,194.2588857142857,203.1227133333333
2025-01-16,191.5461,0.6596745612504673,192.83547142857142,202.61158666666668
2025-01-17,190.5474,-0.5213888458183047,191.61248571428573,202.06438666666665
2025-01-20,191.8699,0.6940530282753654,190.8227857142857,201.5340733333333
2025-01-21,189.0302,-1.4800132798318044,190.09922857142857,200.8644533333333
2025-01-22,186.9925,-1.0779759001471767,189.95947142857145,200.09108333333333
2025-01-23,187.6026,0.3262697701779338,189.69707142857143,199.32821333333334
2025-01-24,184.8357,-1.4748729495220214,188.91777142857146,198.51818999999998
2025-01-27,181.1505,-1.99377068391009,187.43268571428572,197.57419
2025-01-28,179.9981,-0.6361561243275582,185.92564285714283,196.57625666666667
2025-01-29,184.474,2.4866373589498947,184.86908571428572,195.75375666666667
2025-01-30,183.9481,-0.28508082439800964,184.14307142857143,194.92189666666667
2025-01-31,185.8927,1.0571460102061225,183.98595714285713,194.17893999999998
2025-02-03,186.5887,0.3744095384057511,183.84111428571427,193.60309999999998
2025-02-04,187.7402,0.6171327631308898,184.25604285714286,193.13365666666667
2025-02-05,188.0012,0.13902190367327538,185.2347142857143,192.66997333333333
2025-02-06,188.2236,0.11829711725244163,186.40978571428573,192.23838666666668
2025-02-07,186.6001,-0.8625379601707839,186.7135142857143,191.71591
2025-02-10,183.4947,-1.6642006086813432,186.64874285714285,191.13415333333333
2025-02-11,178.8097,-2.5532072588472565,185.63688571428568,190.36031
2025-02-12,178.0673,-0.4151900036743039,184.41954285714286,189.49544333333333
2025-02-13,177.2214,-0.4750451093491037,182.91685714285714,188.57089
2025-02-14,173.7027,-1.9854825658752295,180.8742142857143,187.53607000000002
2025-02-17,172.6017,-0.6338416155880156,178.64251428571427,186.62504333333334
2025-02-18,170.6351,-1.1393862285249745,176.3618,185.59588
2025-02-19,172.8542,1.300494446922107,174.84172857142858,184.72074333333333
2025-02-20,173.7251,0.5038350239681799,174.11535714285714,183.93165333333334
2025-02-21,173.194,-0.30571287626256494,173.41917142857142,183.23495
2025-02-24,171.0281,-1.2505629525272233,172.5344142857143,182.67019333333334
2025-02-25,170.5772,-0.26364088708229483,172.08791428571428,182.04145333333332
2025-02-27,169.2761,-0.7627631359876874,171.61282857142857,181.34096333333335
2025-02-28,167.2753,-1.1819743011565298,171.13285714285715,180.53193666666667
2025-03-03,166.5363,-0.44178668338958893,170.2303,179.73156666666668
2025-03-04,167.4144,0.5272724324966838,169.32877142857143,178.91638333333333
2025-03-05,170.5378,1.865669858745722,168.94931428571428,178.29997
2025-03-06,173.0546,1.4758018456905164,169.2388142857143,177.83537333333334
2025-03-07,173.6464,0.3419729958059614,169.67727142857143,177.37016666666665
2025-03-10,171.8878,-1.0127477448423905,170.05037142857142,176.93857
2025-03-11,170.8118,-0.6259897444728435,170.55558571428574,176.59394666666665
2025-03-12,170.9127,0.05907086044405485,171.18078571428572,176.29109999999997
2025-03-13,170.4454,-0.273414439067432,171.6137857142857,175.82348
2025-03-17,170.8415,0.23239113522570687,171.65717142857142,175.3865933333333
2025-03-18,174.3065,2.0281957252775262,171.8360142857143,175.00038666666666
2025-03-19,176.277,1.1304799304673097,172.2118142857143,174.65666333333334
2025-03-20,177.2546,0.5545817094686267,172.9785,174.30714333333333
2025-03-21,179.8765,1.4791717676156058,174.27345714285713,174.03632000000002
2025-03-24,181.6626,0.9929590580203707,175.80915714285715,173.81761999999998
2025-03-25,181.1499,-0.2822265012170866,177.33837142857143,173.63594666666665
2025-03-26,178.8617,-1.263152781204957,178.48411428571427,173.48151333333334
2025-03-27,178.6535,-0.11640278494502443,179.1051142857143,173.47630666666663
2025-03-28,178.5548,-0.0552466086586656,179.43051428571428,173.49255666666664
2025-03-31,178.5628,0.004480417216456978,179.61740000000003,173.53727
2025-04-01,178.3073,-0.1430869139596891,179.39322857142858,173.69075666666666
2025-04-02,180.504,1.2319742377345122,179.22771428571428,173.95416666666668
2025-04-03,181.0205,0.286143243363024,179.20922857142858,174.30034666666668
2025-04-04,176.8853,-2.284382155612208,178.9268857142857,174.43471666666667
2025-04-07,171.893,-2.82233741300153,177.9611,174.37364666666664
2025-04-08,174.6198,1.586335685571827,177.39895714285714,174.42117333333334
2025-04-09,173.4024,-0.6971717983871195,176.66175714285714,174.50031666666666
2025-04-11,177.359,2.2817446586667733,176.5262857142857,174.72637666666665
2025-04-15,181.4688,2.317221003726888,176.6641142857143,175.1328
2025-04-16,182.6797,0.6672772399442861,176.90114285714284,175.64628
2025-04-17,183.494,0.4457528669031152,177.84524285714286,176.21153666666666
2025-04-21,186.1086,1.424896726868452,179.87604285714286,176.8346766666667
2025-04-22,187.4594,0.725812778130619,181.7102714285714,177.39873
2025-04-23,187.4918,0.017283742506379873,183.72304285714284,177.87997
2025-04-24,187.4442,-0.025387776958785135,185.16378571428572,178.33989666666668
2025-04-25,184.3892,-1.6298183672794342,185.58098571428567,178.75661
2025-04-28,184.7984,0.22192189130383344,185.88365714285715,179.22283000000002
2025-04-29,184.4749,-0.1750556281872595,186.0237857142857,179.67490333333336
2025-04-30,181.8527,-1.4214399899390107,185.4158,180.05514666666664
2025-05-02,181.6763,-0.09700158424923444,184.58964285714288,180.41630666666666
2025-05-05,183.67,1.0973913493394605,184.04367142857146,180.72842333333332
2025-05-06,180.8742,-1.5221865301900062,183.1051,180.8816633333333
2025-05-07,182.5147,0.9069839700742266,182.83731428571429,181.057
2025-05-08,181.2148,-0.7122166050186673,182.3253714285714,181.10161000000002
2025-05-09,180.3079,-0.5004558126598946,181.7300857142857,181.05645333333334
2025-05-12,185.5194,2.8903337014074326,182.2539,181.20210333333335
2025-05-13,185.9199,0.21588038771147566,182.86012857142856,181.43737666666667
2025-05-14,188.3401,1.3017433851890026,183.52728571428568,181.7602633333333
2025-05-15,189.7716,0.7600611871821261,184.79834285714284,182.13415666666666
2025-05-16,190.5543,0.4124431685246899,185.94685714285714,182.53387333333333
2025-05-19,192.0015,0.7594685609298768,187.48781428571428,182.99034666666665
2025-05-20,190.162,-0.9580654317804749,188.89554285714286,183.31228000000002
2025-05-21,190.2708,0.057214375111747096,189.5743142857143,183.62062333333333
2025-05-22,190.2297,-0.021600792134157665,190.19,184.06543666666667
2025-05-23,190.7428,0.26972654638048876,190.53324285714285,184.69376333333332
2025-05-26,192.0116,0.6651889350476115,190.85324285714287,185.27349
2025-05-27,191.6915,-0.16670867801736877,191.0157,185.88312666666664
2025-05-28,192.2322,0.2820678016500544,191.04865714285714,186.37890000000002
2025-05-29,192.4906,0.13442076821676974,191.3813142857143,186.7462933333333
2025-05-30,192.6772,0.0969397986187337,191.7250857142857,187.07954333333333
2025-05-31,192.6784,0.0006228033207822392,192.07489999999999,187.38569
2025-06-02,193.0141,0.17422814389158603,192.39937142857144,187.61587333333333
2025-06-03,193.3558,0.17703369857433593,192.59140000000002,187.81242
2025-06-04,193.3241,-0.016394646553141712,192.82462857142855,188.00682999999998
2025-06-05,193.4622,0.071434446093388,193.00034285714287,188.20743000000002
2025-06-06,194.4367,0.5037159713887185,193.27835714285715,188.54234666666665
2025-06-09,196.2268,0.9206595256965322,193.78544285714287,188.92329333333333
2025-06-10,196.3203,0.047648944996292464,194.3057142857143,189.31814
2025-06-11,196.3155,-0.0024449840388518496,194.77734285714286,189.80023333333335
2025-06-12,194.3159,-1.0185645045857283,194.9145,190.22155333333333
2025-06-13,193.8702,-0.22936877527777177,194.9925142857143,190.56156000000001
2025-06-16,194.3117,0.22772968718245412,195.11387142857143,191.00947666666667
2025-06-17,194.4976,0.09567102752947587,195.12257142857143,191.40890666666667
2025-06-18,194.7498,0.12966740977780056,194.91157142857145,191.86007333333333
2025-06-19,192.1535,-1.3331464268512616,194.31631428571427,192.25492666666665
2025-06-20,192.5872,0.22570497024514413,193.7837,192.49051999999998
2025-06-23,192.973,0.2003248398647628,193.59185714285715,192.72562333333332
2025-06-24,194.4838,0.7829074533743041,193.6795142857143,192.93041333333332
2025-06-25,197.4405,1.5202808665811585,194.1264857142857,193.18604333333334
2025-06-26,197.2286,-0.107323472134635,194.51662857142856,193.40851999999998
2025-06-27,198.0688,0.4260031253073837,194.9907714285714,193.61076333333332
2025-06-30,200.3178,1.135464040777756,196.15709999999999,193.94929
2025-07-01,200.2672,-0.025259862079152207,197.25424285714283,194.28250333333332
2025-07-02,199.3409,-0.4625320571716163,198.16394285714287,194.58621
2025-07-03,200.0186,0.33997037236210836,198.95462857142857,194.89540333333335
2025-07-04,200.6762,0.3287694244435313,199.41687142857145,195.18422333333334
2025-07-07,200.3235,-0.17575576974250273,199.85899999999998,195.47195666666667
2025-07-08,200.4396,0.05795625575633068,200.19768571428568,195.74553666666668
2025-07-09,201.3287,0.44357502210141675,200.34210000000002,196.04014
2025-07-10,201.5985,0.1340097065147816,200.53228571428573,196.33751666666666
2025-07-11,201.2606,-0.16761037408512536,200.80652857142857,196.62359
2025-07-14,202.0189,0.3767751860026314,201.09228571428574,196.92374999999998
2025-07-15,203.9268,0.9444165867648957,201.55665714285715,197.2761166666667
2025-07-16,203.6835,-0.11930751622639679,202.03665714285714,197.62143000000003
2025-07-17,204.9043,0.5993612639217272,202.67447142857145,198.00283333333334
2025-07-18,204.0356,-0.4239540117020546,203.06117142857144,198.32279666666668
2025-07-21,203.8028,-0.11409773588531014,203.3760714285714,198.57533
2025-07-22,203.3714,-0.21167520760264624,203.67761428571427,198.81036666666665
2025-07-23,203.9043,0.2620329112156483,203.94695714285717,199.06332666666668
2025-07-24,202.721,-0.5803212585511974,203.7747,199.34349666666668
2025-07-25,199.4349,-1.6209963447299525,203.16775714285717,199.52898666666667
2025-07-28,197.4629,-0.9887938369864124,202.1047,199.63402666666667
2025-07-29,197.8146,0.17810940688101073,201.21598571428572,199.74459333333334
2025-07-30,198.4508,0.321614279229121,200.4514142857143,199.86795999999998
2025-07-31,197.489,-0.4846541308979213,199.61107142857145,200.04581000000002
2025-08-01,194.9548,-1.2832107104699508,198.3325714285714,200.12473
2025-08-04,195.6536,0.3584420593901738,197.32294285714283,200.21408333333335
2025-08-05,194.9731,-0.34780857597306314,196.68554285714285,200.23039333333332
2025-08-06,193.5756,-0.716765543554454,196.1302142857143,200.1015633333333
2025-08-07,193.0064,-0.29404532389412097,195.44332857142857,199.96082333333334
2025-08-08,191.9575,-0.543453481335332,194.51571428571427,199.75711333333336
2025-08-11,193.1584,0.6256072307672111,193.89705714285716,199.51846666666668
2025-08-12,192.705,-0.23472963122493917,193.57565714285712,199.26639333333333
2025-08-13,192.9222,0.11271113878725814,193.18545714285716,199.0524366666667
2025-08-14,193.4131,0.2544549046195721,192.9626,198.83225333333334
2025-08-18,196.9203,1.813320814360564,193.4404142857143,198.70705666666666
2025-08-19,198.0389,0.5680470728513187,194.1593428571429,198.63090333333335
2025-08-20,198.8477,0.4084046114172457,195.14365714285714,198.57783999999998
2025-08-21,200.0554,0.6073492426615923,196.12894285714287,198.53539666666666
2025-08-22,199.1156,-0.46976987374496293,197.04474285714284,198.45263333333332
2025-08-25,198.7805,-0.16829419693886738,197.88164285714285,198.36996333333335
2025-08-26,195.5946,-1.6027226010599471,198.19328571428568,198.15582
2025-08-28,194.4893,-0.565097400439496,197.846,197.84123666666667
2025-08-29,193.7532,-0.3784784047245804,197.23375714285712,197.51022666666665
2025-08-31,193.7537,0.0002580602539881127,196.50604285714283,197.13853999999998
2025-09-01,195.7343,1.0222256400781005,195.88874285714286,196.86183
2025-09-02,196.2367,0.2566744816825839,195.47747142857142,196.60962666666668
2025-09-03,197.6325,0.7112838729962156,195.3134714285714,196.41833
2025-09-04,197.6887,0.028436618471161523,195.6126285714286,196.21114333333333
2025-09-05,197.5939,-0.047954182510190346,196.05614285714287,196.04023999999998
2025-09-08,197.448,-0.07383831181022593,196.58397142857143,195.97401
2025-09-09,198.2444,0.40334670394230887,197.2255,196.00006
2025-09-10,198.7075,0.23360054558918542,197.65024285714284,196.02982333333333
2025-09-11,198.9835,0.13889762590741928,198.04264285714288,196.04758
2025-09-12,199.0716,0.04427502782893278,198.2482285714286,196.10033333333334
2025-09-15,200.0967,0.5149403531191865,198.59222857142854,196.27173000000002
2025-09-16,201.1795,0.5411383596031216,199.10445714285717,196.45592666666664
2025-09-17,201.82,0.31837239877821055,199.7290285714286,196.6841566666667
2025-09-18,201.5447,-0.13640868100286418,200.20049999999998,196.94979333333333
2025-09-19,201.306,-0.11843526522899994,200.57171428571428,197.22644666666667
2025-09-22,200.2539,-0.5226371792197093,200.75319999999996,197.50299333333334
2025-09-23,199.4573,-0.3977949992484464,200.80829999999997,197.71295666666668
2025-09-24,198.8861,-0.28637708421802577,200.63535714285717,197.9189933333333
2025-09-25,197.3447,-0.7750164541413418,200.08752857142855,198.06641
2025-09-26,194.0973,-1.6455471061548654,198.9842857142857,198.08921666666666
2025-09-30,193.8822,-0.11082070693408941,197.88964285714286,197.98794666666666
2025-10-01,195.0856,0.6206861692305887,197.0010142857143,197.88950333333332
2025-10-03,196.2965,0.62070188676151,196.43567142857142,197.80446333333333
2025-10-06,196.5483,0.12827533858219553,196.0201,197.68756
2025-10-07,196.4294,-0.06049403632594208,195.66914285714287,197.59802
2025-10-08,195.8587,-0.2905369562804738,195.45685714285716,197.50062666666665
2025-10-09,195.0376,-0.4192308026143343,195.59118571428573,197.48206
2025-10-10,195.1185,0.04147918145014362,195.76780000000002,197.50303333333332
2025-10-13,194.5364,-0.29833152673889307,195.68934285714286,197.52914
2025-10-14,193.3975,-0.5854431355777012,195.2752,197.51726666666667
2025-10-15,194.7,0.6734833697436438,195.01115714285714,197.48279
2025-10-16,196.9521,1.1567026194144958,195.08582857142855,197.50663666666665
2025-10-17,197.1075,0.07890243363741778,195.26422857142856,197.48913666666667
2025-10-20,197.5258,0.21221922047613972,195.6196857142857,197.48370666666668
2025-10-23,198.7521,0.6208302915366115,196.1387714285714,197.52231333333336
2025-10-24,198.4115,-0.17136925848835194,196.69235714285716,197.55443000000002
2025-10-27,199.7965,0.6980442161870659,197.6065,197.60616666666664
2025-10-28,200.6348,0.4195769195156185,198.45432857142856,197.67041
2025-10-29,201.0375,0.20071293713752603,199.03795714285712,197.73887666666667
2025-10-30,200.5185,-0.25816079089722166,199.52524285714284,197.78710666666666
2025-10-31,199.8234,-0.34665130648793285,199.85347142857145,197.77799666666667
2025-11-03,200.9709,0.5742570689919235,200.17044285714286,197.77104333333332
2025-11-04,200.4678,-0.2503347499563269,200.46419999999998,197.72597
2025-11-06,197.8032,-1.3291910221990832,200.17944285714287,197.60125333333335
2025-11-07,197.315,-0.24681097171330713,199.7051857142857,197.46822
2025-11-10,196.2451,-0.5422294300990727,199.02055714285714,197.33459333333334
2025-11-11,196.4486,0.10369685663489392,198.43914285714283,197.23430333333332
2025-11-12,196.884,0.2216355830481742,198.01922857142856,197.16756666666666
2025-11-13,196.5465,-0.17142073505209687,197.38717142857146,197.14096
2025-11-14,197.0676,0.26512809945737903,196.90142857142857,197.23997
2025-11-17,197.9212,0.4331508578782062,196.9182857142857,197.37460333333334
2025-11-18,196.9478,-0.49181189281390925,196.86582857142858,197.43667666666667
2025-11-19,196.528,-0.2131529268161514,196.90624285714284,197.44439333333332
2025-11-20,196.0732,-0.2314174061711194,196.85261428571428,197.42855666666668
2025-11-21,194.2517,-0.9289897854474871,196.47657142857142,197.35596666666666
2025-11-24,193.9092,-0.17631763325623995,196.09981428571427,197.29098333333334
2025-11-25,194.2042,0.15213306021579776,195.69075714285714,197.26320333333334
2025-11-26,195.8555,0.8502905704408148,195.39565714285715,197.28777
2025-11-27,195.149,-0.360725126432504,195.13868571428569,197.30819000000002
2025-11-28,194.9784,-0.08742038134963437,194.91731428571424,197.3608866666667
2025-11-30,194.979,0.0003077263943218611,194.761,197.37018666666665
2025-12-01,195.3626,0.196739136009505,194.9197,197.31720333333334
2025-12-02,194.4312,-0.47675450674796727,194.99427142857144,197.22799333333333
2025-12-03,194.3355,-0.049220495476032244,195.01302857142858,197.12165000000002
2025-12-04,193.4599,-0.4505610143283101,194.6708,196.9452433333333
2025-12-05,193.1451,-0.16272106002328535,194.38452857142858,196.76969666666665
2025-12-08,190.1591,-1.5459879644888819,193.69605714285714,196.44845
2025-12-09,191.3573,0.6301039497978334,193.17867142857145,196.13920000000002
2025-12-10,191.2557,-0.05309439462201082,192.5919714285714,195.81314
2025-12-11,191.4952,0.12522502597309693,192.17254285714284,195.51236333333333
2025-12-12,192.3377,0.4399588083670025,191.88714285714286,195.26283999999998
2025-12-15,193.1325,0.4132315193537073,191.84037142857142,195.00156
2025-12-16,191.3143,-0.9414262229298531,191.57882857142857,194.69644333333332
2025-12-17,190.0621,-0.6545250407314129,191.56497142857143,194.43840666666665
2025-12-18,189.542,-0.2736474026120872,191.30564285714286,194.1793066666667
2025-12-19,191.1157,0.8302645323991609,191.28564285714288,194.00832666666665
2025-12-22,192.2573,0.5973344942356906,191.39451428571428,193.86861666666667
2025-12-23,193.2652,0.5242453732576147,191.5270142857143,193.74799
2025-12-24,193.2848,0.01014150504075051,191.54877142857143,193.63926666666666
2025-12-26,192.5913,-0.3587969669627378,191.7312,193.49005666666667
2025-12-29,192.541,-0.026117482980791973,192.08532857142856,193.31071666666668
2025-12-30,191.9501,-0.30689567416810615,192.42934285714287,193.14412666666666
2025-12-31,193.7724,0.949361318384323,192.80887142857142,193.05227333333332
2026-01-01,193.6417,-0.06745026639501939,193.00664285714285,192.97122333333334
2026-01-02,194.574,0.4814562152676949,193.1936142857143,192.98196666666666
2026-01-05,194.3786,-0.10042451715028822,193.34987142857145,192.99761333333333
2026-01-06,193.7027,-0.3477234633853743,193.50864285714286,192.98089666666664
2026-01-07,193.3173,-0.1989647020924301,193.61954285714287,192.89629000000002
2026-01-08,190.16,-1.633221651657657,193.36381428571426,192.72999
2026-01-09,187.0971,-1.6106962557845939,192.4102,192.46728
2026-01-12,186.1837,-0.48819570159025494,191.34477142857142,192.17410333333333
2026-01-13,187.6594,0.792604293501542,190.3569714285714,191.91733000000002
2026-01-14,187.3375,-0.17153417308165553,189.3511,191.68087333333332
2026-01-16,186.9719,-0.19515580169480184,188.38955714285717,191.43542
2026-01-19,185.4042,-0.8384682404147359,187.25911428571428,191.16689666666667
2026-01-20,181.835,-1.9250912331004288,186.0698285714286,190.78989333333337
2026-01-21,181.5325,-0.16635961173592229,185.27488571428572,190.50233999999998
2026-01-22,182.7544,0.6731026124798589,184.78498571428574,190.21557666666666
2026-01-23,179.8035,-1.6146806862105567,183.66271428571432,189.83383666666668
2026-01-27,179.5515,-0.14015300035873368,182.55042857142857,189.43571333333333
2026-01-28,181.0873,0.8553534779714989,181.70977142857143,189.0607
2026-01-29,179.9408,-0.6331200476234367,180.92928571428573,188.62097666666668
2026-01-30,183.3021,1.8680032544036607,181.13887142857143,188.35390333333334
2026-01-31,183.301,-0.0006001022356039165,181.3915142857143,188.12853333333334
2026-02-02,180.5424,-1.5049563286615997,181.07551428571426,187.82854666666665
2026-02-03,186.7009,3.4111100771896163,182.06085714285715,187.68138666666667
2026-02-04,186.7774,0.04097462840297883,183.09312857142854,187.49872333333332
2026-02-05,185.6949,-0.5795669069170062,183.75135714285716,187.24638000000002
2026-02-06,184.627,-0.5750831067519835,184.42081428571427,186.95778666666666
2026-02-09,188.469,2.0809524067443963,185.15894285714285,186.82037666666665
2026-02-10,189.019,0.2918251807989769,185.97579999999996,186.70297666666664
2026-02-11,189.7464,0.3848290383506425,187.29065714285713,186.62951999999999
2026-02-12,189.6029,-0.07562725827735539,187.70522857142856,186.49053666666666
2026-02-13,187.236,-1.2483458850049312,187.7707428571429,186.27701333333331
2026-02-16,185.8471,-0.7417911085474849,187.7924857142857,185.98611666666665
2026-02-17,187.6437,0.9667086545875447,188.22344285714286,185.76162000000002
2026-02-18,188.2128,0.30328756041368976,188.18684285714284,185.57862333333333
2026-02-19,186.6666,-0.8215169212720919,187.8507857142857,185.35693333333333
2026-02-20,186.2228,-0.23775008491073724,187.34741428571428,185.2256933333333
2026-02-23,187.5721,0.7245621910958233,187.0573,185.24152666666666
2026-02-24,186.208,-0.7272403518433723,186.91044285714284,185.24233666666666
2026-02-25,186.0488,-0.08549578965457716,186.93925714285712,185.18865
2026-02-26,186.095,0.024832194564017307,186.71801428571425,185.14723333333333
2026-02-27,184.7581,-0.7183965179075158,186.22448571428572,185.07344
2026-02-28,184.7579,-0.00010824965184230706,185.9518142857143,185.05189666666666
2026-03-02,181.3175,-1.8621125267173966,185.25105714285715,185.03464666666665
2026-03-04,177.9961,-1.8318143587905067,183.88305714285713,184.9167666666667
2026-03-05,179.3239,0.7459714004969697,182.89961428571428,184.80241666666663
2026-03-06,178.9784,-0.1926681273383024,181.88955714285717,184.7749133333333
2026-03-09,175.7742,-1.79027189873191,180.41515714285717,184.64900333333335
2026-03-10,178.8419,1.7452504406221259,179.5699857142857,184.57415666666665
2026-03-11,178.3891,-0.25318451660376606,178.66015714285714,184.52243333333334
2026-03-12,177.9888,-0.2243971184338167,178.18462857142862,184.34532333333334
2026-03-13,173.9754,-2.254860980016715,177.61024285714285,184.03447
2026-03-16,173.8198,-0.08943793202947914,176.82394285714284,183.81038333333333
2026-03-17,174.0628,0.13979995374522325,176.1217142857143,183.38911333333334
2026-03-18,177.4908,1.9694041460897926,176.36694285714287,183.07956000000001
2026-03-19,173.9004,-2.0228654104888943,175.66101428571432,182.68641
2026-03-20,174.6205,0.4140876041688335,175.12264285714286,182.35286000000002
2026-03-23,169.1091,-3.1562159082123675,173.8541142857143,181.70753000000002
2026-03-24,172.0049,1.712385672917649,173.57261428571428,181.14039333333332
2026-03-25,175.4211,1.9861062097649596,173.80137142857143,180.66288333333333
2026-03-27,172.4739,-1.6800715535360444,173.5743857142857,180.09191666666666
2026-03-30,169.3708,-1.7991707730850792,172.41438571428571,179.49641000000003
2026-03-31,169.3706,-0.00011808410895763899,171.7672714285714,178.94719333333336
2026-04-01,173.782,2.6045842666909236,171.6474857142857,178.48513666666665
2026-04-02,173.8471,0.037460726657534416,172.32434285714288,178.00628000000003
2026-04-06,174.9151,0.6143329396923969,172.7400857142857,177.61456333333334
2026-04-07,174.8342,-0.0462510097755886,172.65624285714287,177.23494333333335
2026-04-08,180.5783,3.2854555916405292,173.81401428571425,177.00181666666668
2026-04-09,181.2455,0.3694796107837961,175.51039999999998,176.8364
2026-04-10,184.6967,1.9041576204650523,177.69984285714287,176.79133000000002
2026-04-13,184.3491,-0.18820043888169158,179.2094285714286,176.7331333333333
2026-04-15,187.2786,1.5891045847254093,181.12821428571428,176.81714999999997
2026-04-16,188.3316,0.562263921238193,183.04485714285715,176.93627333333333
2026-04-17,190.5242,1.164223104354245,185.2862857142857,177.24316333333334
2026-04-20,191.0583,0.28033184235913833,186.7834285714286,177.67857
2026-04-21,192.6397,0.8277054700057462,188.41117142857144,178.12243
2026-04-22,194.1928,0.8062201093544052,189.76775714285716,178.62957666666668
2026-04-23,193.0317,-0.5979109421152651,191.00812857142859,179.20482666666666
2026-04-24,191.0425,-1.030504316130465,191.54582857142856,179.61151333333333
2026-04-27,193.8317,1.4599892694034278,192.33155714285712,180.12626666666665
2026-04-28,193.4843,-0.17922764955372594,192.7544285714286,180.6427833333333
2026-04-29,194.1523,0.3452476505845681,193.19642857142858,181.3153466666667
2026-04-30,193.4131,-0.38073203356334684,193.3069142857143,181.96845666666667
2026-05-04,195.4469,1.0515316697783161,193.48607142857142,182.68125999999998
2026-05-05,194.5618,-0.4528595746466135,193.70465714285712,183.25029333333333
2026-05-06,196.0036,0.7410498874907523,194.41338571428568,183.98706666666664
2026-05-07,197.4753,0.7508535557510188,194.9339,184.7488933333333
2026-05-08,196.8821,-0.3003919983916914,195.4193,185.67466000000002
2026-05-11,195.586,-0.6583127668792654,195.62411428571428,186.46069666666665
2026-05-12,190.6152,-2.541490699743343,195.2244142857143,186.96716666666669
2026-05-13,190.464,-0.07932211072358974,194.51257142857142,187.5668366666667
2026-05-14,189.9345,-0.2780052923387011,193.8515285714286,188.25229333333334
2026-05-15,190.2405,0.16110817150121193,193.0282285714286,188.94795666666667
2026-05-18,187.9126,-1.2236616283073265,191.66212857142858,189.41897666666668
2026-05-19,189.5553,0.874182997840478,190.61544285714285,189.94258333333332
2026-05-20,189.8661,0.16396270639755794,189.79831428571427,190.44095000000002
2026-05-21,191.7575,0.9961757259458137,189.96150000000003,191.00506
2026-05-22,192.1227,0.19044887422918766,190.19845714285717,191.38987333333336
2026-05-25,193.5599,0.7480636072676461,190.71637142857142,191.80035333333333
2026-05-26,194.2258,0.34402786940890273,191.28569999999996,192.11799
2026-05-27,195.0501,0.42440293719989697,192.30534285714288,192.47469
2026-05-29,193.6848,-0.6999740066782834,192.89527142857145,192.68823000000003
2026-05-31,193.6836,-0.0006195633317496174,193.44062857142856,192.86663
2026-06-01,192.3195,-0.7042929809235265,193.5209142857143,192.92647333333335
2026-06-02,193.1295,0.4211741399078095,193.66474285714284,192.99551333333332
2026-06-03,194.081,0.4926746043457886,193.73918571428572,193.04355666666666
2026-06-04,194.522,0.22722471545386647,193.78150000000002,193.05453
2026-06-05,194.7547,0.11962657180166758,193.7393,193.1119633333333
2026-06-08,191.9092,-1.4610687187523674,193.48564285714286,193.14085333333333
2026-06-09,194.3813,1.28816127627025,193.5853142857143,193.15917333333334
2026-06-10,193.4371,-0.48574631407446445,193.74497142857143,193.1576
2026-06-11,192.6722,-0.3954256965183922,193.67964285714285,193.10826333333333
2026-06-12,196.5577,2.016637584456915,194.03345714285715,193.21308333333334
2026-06-15,198.032,0.7500596516951452,194.53488571428574,193.29925333333333
2026-06-16,198.6152,0.29449785893187475,195.08638571428574,193.4343666666667
2026-06-17,199.8302,0.6117356576938793,196.21795714285713,193.56192000000001
2026-06-18,200.9565,0.5636285206140013,197.15727142857142,193.67796
2026-06-19,202.0761,0.5571354994737598,198.3914142857143,193.85109333333332
2026-06-22,204.1263,1.0145682740314133,200.02771428571427,194.13577
2026-06-23,203.5443,-0.2851175963116903,201.02579999999998,194.56674
2026-06-24,205.0655,0.7473557353362414,202.03058571428573,195.05345666666668
2026-06-25,203.9157,-0.5606988986445738,202.7878,195.51949666666667
2026-06-29,205.1035,0.5824956097053802,203.54112857142857,196.01493
2026-06-30,206.8355,0.8444517036520605,204.3809857142857,196.64569333333336
2026-07-01,206.4778,-0.17293936485758277,205.0098,197.20977666666667
2026-07-02,208.5373,0.9974437929888724,205.63994285714287,197.83215
2026-07-03,207.3461,-0.5712167559472459,206.18305714285717,198.35177000000002
2026-07-06,207.3912,0.021751072241049663,206.5153,198.86072
2026-07-07,206.4025,-0.476731896049587,206.87055714285717,199.28880666666666
2026-07-08,204.4035,-0.968496021123777,206.77055714285714,199.62806333333336
2026-07-09,206.8141,1.179334013360811,206.76749999999998,200.02019666666666
2026-07-10,208.3518,0.7435179709700757,207.0352142857143,200.50909666666666
2026-07-13,208.1546,-0.09464761043581627,206.98054285714284,200.99146333333334
2026-07-14,207.3738,-0.37510581077717653,206.9845,201.49327333333335
2026-07-15,209.4506,1.0014765606841447,207.2787,202.03731000000002
2026-07-16,208.7624,-0.3285738976159469,207.61582857142858,202.52669
2026-07-17,208.9152,0.07319325702328516,208.26035714285715,203.00646333333333
2026-07-20,209.4466,0.2543615782863107,208.63642857142858,203.49619333333334
2026-07-21,210.09,0.3071904724163632,208.88474285714284,204.10222000000002
2026-07-22,207.6748,-1.149602551287543,208.8162,204.54533666666666
2026-07-23,205.5539,-1.0212601625233297,208.5562142857143,204.94923
2026-07-24,204.8535,-0.34073787945643197,207.8994857142857,205.35527333333332
2026-07-27,206.7707,0.9358883299528831,207.61495714285715,205.69570666666667
2026-07-28,206.0616,-0.3429402715181662,207.2073,205.96336
2026-07-29,207.1837,0.5445459027785704,206.88402857142856,206.24897666666666
2026-07-30,204.8096,-1.1458913032251106,206.1296857142857,206.41495666666665
2026-07-31,204.7896,-0.009765167257780316,205.7175142857143,206.54272666666665
2026-08-03,207.5217,1.3341009504388879,205.99862857142855,206.72424666666666
2026-08-04,208.7577,0.5956003637209939,206.5563714285714,206.87862666666666
2026-08-05,210.1839,0.6831843807437954,207.0439714285714,207.09994666666668
2026-08-06,212.043,0.8845111352487001,207.89845714285713,207.33253
2026-08-07,212.0671,0.011365619237602154,208.59608571428572,207.60424333333333
2026-08-10,212.7608,0.3271134466402259,209.73197142857143,207.85948666666667
2026-08-11,213.4627,0.3299009968001698,210.97098571428572,208.08039333333332
2026-08-12,214.5117,0.4914207493861733,211.96955714285716,208.34819000000002
2026-08-13,214.394,-0.054868802028040786,212.77474285714288,208.54341333333335
2026-08-14,214.3903,-0.001725794565154981,213.37565714285716,208.77822000000003
2026-08-17,214.4854,0.04435835016789458,213.7245714285714,209.01469333333335
2026-08-18,214.4042,-0.03785805467411141,214.05844285714286,209.28141666666667
2026-08-19,213.299,-0.5154749767028788,214.13532857142857,209.57793333333333
2026-08-20,215.2749,0.9263522098087673,214.39421428571427,209.85996000000003
2026-08-21,215.4137,0.06447570060421626,214.52307142857143,210.09535666666667
2026-08-24,215.1429,-0.1257115958734345,214.63005714285714,210.3283
2026-08-25,214.8881,-0.11843291133474265,214.70117142857143,210.57877666666667
2026-08-26,216.6324,0.8117248000238275,215.00788571428572,210.81817
2026-08-27,215.9822,-0.30013977595224617,215.23331428571427,211.05883
2026-08-28,216.2904,0.1426969444704218,215.66065714285713,211.30467
2026-08-31,217.6184,0.6139893402573593,215.99544285714288,211.57706333333334
2026-09-01,216.7425,-0.40249353914926234,216.18527142857144,211.79881333333333
2026-09-02,216.0825,-0.3045088065330992,216.3195,212.07907000000003
2026-09-03,216.4037,0.14864692883505004,216.53601428571432,212.44072999999997
2026-09-04,216.6525,0.11497030780898143,216.53888571428573,212.83403
2026-09-07,215.9286,-0.33412953923911415,216.53122857142856,213.13929333333334
2026-09-08,216.1533,0.10406217610821056,216.51164285714285,213.47568333333336
2026-09-09,215.5737,-0.2681430262688522,216.21954285714287,213.75535
2026-09-10,215.3946,-0.08308063553207345,216.0269857142857,214.10818333333333
2026-09-11,215.6735,0.12948328323922897,215.96855714285715,214.47098
